cod,qty_solicitada,cod_status,transf_idx,lot_id_origem,lote_origem_nome,location_id_origem,qty_pretendida,qty_movida,transf_status,tempo_ms_transf
210844125,2536.0,DRY_RUN_OK,1,59685,13203,8,1192.0,1192.0,DRY_RUN_OK,48
210844125,2536.0,DRY_RUN_OK,2,28115,13757,8,1344.0,1344.0,DRY_RUN_OK,51
105000014,2800.0,DRY_RUN_OK,1,59463,FAT-105000014-20260520,8,2800.0,2800.0,DRY_RUN_OK,52
210842105,2880.0,DRY_RUN_OK,1,37445,216/25,8,2880.0,2880.0,DRY_RUN_OK,52
210833105,2920.0,DRY_RUN_OK,1,28118,20709,8,2920.0,2920.0,DRY_RUN_OK,47
210881114,2988.0,DRY_RUN_OK,1,59684,13203,8,1488.0,1488.0,DRY_RUN_OK,51
210881114,2988.0,DRY_RUN_OK,2,40505,26910,8,1500.0,1500.0,DRY_RUN_OK,48
210841125,3026.0,DRY_RUN_OK,1,59686,13203,8,4.0,4.0,DRY_RUN_OK,53
210841125,3026.0,DRY_RUN_OK,2,28114,15249,8,3022.0,3022.0,DRY_RUN_OK,53
209751213,3047.0,DRY_RUN_OK,1,59647,13201,8,47.0,47.0,DRY_RUN_OK,54
209751213,3047.0,DRY_RUN_OK,2,19756,241072,8,3000.0,3000.0,DRY_RUN_OK,46
3800005,3093.719,DRY_RUN_OK,1,59069,INV-3800005-20260519,8,3093.719,3093.719,DRY_RUN_OK,51
45121452,3501.39,FALHA_PRODUTO,0,,,,0,0,(no transfer),0
209029913,3550.0,DRY_RUN_OK,1,25226,25009,8,3550.0,3550.0,DRY_RUN_OK,52
210030214,3559.0,DRY_RUN_OK,1,37453,3208480,8,3559.0,3559.0,DRY_RUN_OK,53
209029912,3700.0,DRY_RUN_OK,1,59015,25008,8,3700.0,3700.0,DRY_RUN_OK,54
210881116,3852.0,DRY_RUN_OK,1,59682,13203,8,3852.0,3852.0,DRY_RUN_OK,48
207381221,4180.0,DRY_RUN_OK,1,59600,13211,8,4180.0,4180.0,DRY_RUN_OK,50
209000401,4187.0,DRY_RUN_OK,1,59632,13201,8,4187.0,4187.0,DRY_RUN_OK,46
210030008,4508.0,DRY_RUN_OK,1,59675,81184,8,4508.0,4508.0,DRY_RUN_OK,47
3800011,4550.6,DRY_RUN_OK,1,59613,13213,8,219.6,219.6,DRY_RUN_OK,47
3800011,4550.6,DRY_RUN_OK,2,59072,INV-3800011-20260519,8,4331.0,4331.0,DRY_RUN_OK,40
210842125,4880.0,DRY_RUN_OK,1,59037,09/09/2025,8,4880.0,4880.0,DRY_RUN_OK,52
105000054,4970.4228,DRY_RUN_OK,1,59012,0310/24,8,4967.4709,4967.4709,DRY_RUN_OK,43
105000054,4970.4228,DRY_RUN_OK,2,59295,13216,8,1.2564,1.2564,DRY_RUN_OK,55
105000054,4970.4228,DRY_RUN_OK,3,59587,13224,8,0.3492,0.3492,DRY_RUN_OK,50
105000054,4970.4228,DRY_RUN_OK,4,59478,202503226,8,1.3463,1.3463,DRY_RUN_OK,48
210831125,5050.0,DRY_RUN_OK,1,40507,26912,8,5050.0,5050.0,DRY_RUN_OK,47
210030114,5724.0,DRY_RUN_OK,1,59017,034361/1/001,8,5724.0,5724.0,DRY_RUN_OK,51
210030212,5860.0,DRY_RUN_OK,1,59018,06/05/2025,8,848.0,848.0,DRY_RUN_OK,47
210030212,5860.0,DRY_RUN_OK,2,34182,5103062,8,5012.0,5012.0,DRY_RUN_OK,45
210003012,6393.0,DRY_RUN_OK,1,23648,78975,8,6393.0,6393.0,DRY_RUN_OK,54
210030335,6916.0,DRY_RUN_OK,1,59665,13203,8,6916.0,6916.0,DRY_RUN_OK,51
3800002,6933.688,DRY_RUN_OK,1,59067,114/26,8,6230.448,6230.448,DRY_RUN_OK,55
3800002,6933.688,DRY_RUN_OK,2,59609,13213,8,703.2399999999998,703.2399999999998,DRY_RUN_OK,50
201240008,6946.0,DRY_RUN_OK,1,59013,5105945,8,6946.0,6946.0,DRY_RUN_OK,48
210030703,7242.0,DRY_RUN_OK,1,59676,13203,8,684.0,684.0,DRY_RUN_OK,56
210030703,7242.0,DRY_RUN_OK,2,58000,307-216/25,8,1000.0,1000.0,DRY_RUN_OK,51
210030703,7242.0,DRY_RUN_OK,3,37417,ME307-216/25,8,5558.0,5558.0,DRY_RUN_OK,44
3800007,7515.6,DRY_RUN_OK,1,59611,13213,8,6734.8,6734.8,DRY_RUN_OK,43
3800007,7515.6,DRY_RUN_OK,2,59070,302/25,8,780.8,780.8,DRY_RUN_OK,38
3800018,7561.513,DRY_RUN_OK,1,59615,13214,8,1101.251,1101.251,DRY_RUN_OK,51
3800018,7561.513,DRY_RUN_OK,2,59044,345/25,8,6460.262,6460.262,DRY_RUN_OK,46
3800019,7636.232,DRY_RUN_OK,1,59616,13214,8,1534.152,1534.152,DRY_RUN_OK,57
3800019,7636.232,DRY_RUN_OK,2,59045,346/25,8,6102.08,6102.08,DRY_RUN_OK,55
501,7695.0,FALHA_PRODUTO,0,,,,0,0,(no transfer),0
207381420,7708.0,DRY_RUN_OK,1,59601,13211,8,7708.0,7708.0,DRY_RUN_OK,42
210071852,8018.0,DRY_RUN_OK,1,59677,13203,8,5718.0,5718.0,DRY_RUN_OK,49
210071852,8018.0,DRY_RUN_OK,2,38514,238/25,8,2300.0,2300.0,DRY_RUN_OK,40
210030216,8245.0,DRY_RUN_OK,1,59692,15110,8,110.0,110.0,DRY_RUN_OK,51
210030216,8245.0,DRY_RUN_OK,2,59034,15110/5062894,8,8135.0,8135.0,DRY_RUN_OK,49
210010339,8460.0,DRY_RUN_OK,1,59096,1,8,8460.0,8460.0,DRY_RUN_OK,47
209000153,9944.0,DRY_RUN_OK,1,59631,13201,8,9944.0,9944.0,DRY_RUN_OK,47
105000048,10108.997,DRY_RUN_PARCIAL,1,59011,0212/24,8,9989.9455,9989.9455,DRY_RUN_OK,46
105000048,10108.997,DRY_RUN_PARCIAL,2,59476,FAT-105000048-20260520,8,119.05,119.05,DRY_RUN_OK,48
210030101,10799.0,DRY_RUN_OK,1,59683,11764,8,10799.0,10799.0,DRY_RUN_OK,47
210072852,10910.0,DRY_RUN_OK,1,59678,13203,8,6540.0,6540.0,DRY_RUN_OK,39
210072852,10910.0,DRY_RUN_OK,2,38513,238/25,8,4370.0,4370.0,DRY_RUN_OK,44
210030218,11000.0,DRY_RUN_OK,1,59097,0312/24,8,8139.0,8139.0,DRY_RUN_OK,56
210030218,11000.0,DRY_RUN_OK,2,59652,13203,8,2861.0,2861.0,DRY_RUN_OK,52
3800000,11773.36,DRY_RUN_OK,1,59066,008/25,8,1463.04,1463.04,DRY_RUN_OK,50
3800000,11773.36,DRY_RUN_OK,2,59608,13212,8,10310.32,10310.32,DRY_RUN_OK,55
210030217,12164.0,DRY_RUN_OK,1,16214,5062895,8,12164.0,12164.0,DRY_RUN_OK,48
105000047,12238.6377,DRY_RUN_OK,1,59622,13221,8,0.27,0.27,DRY_RUN_OK,54
105000047,12238.6377,DRY_RUN_OK,2,59103,20260203,8,1000.0,1000.0,DRY_RUN_OK,44
105000047,12238.6377,DRY_RUN_OK,3,59475,FAT105000047-20260520,8,11238.367699999999,11238.367699999999,DRY_RUN_OK,46
210902852,12938.0,DRY_RUN_OK,1,59679,13203,8,2256.0,2256.0,DRY_RUN_OK,40
210902852,12938.0,DRY_RUN_OK,2,38516,238/25,8,10682.0,10682.0,DRY_RUN_OK,46
207120309,13200.0,DRY_RUN_OK,1,57497,115-076/26,8,13000.0,13000.0,DRY_RUN_OK,47
207120309,13200.0,DRY_RUN_OK,2,15620,24944,8,200.0,200.0,DRY_RUN_OK,46
207120233,13200.0,DRY_RUN_OK,1,15618,24943,8,13200.0,13200.0,DRY_RUN_OK,45
207120433,14000.0,DRY_RUN_OK,1,57483,036-026/26,8,13200.0,13200.0,DRY_RUN_OK,39
207120433,14000.0,DRY_RUN_OK,2,15622,24948,8,800.0,800.0,DRY_RUN_OK,46
210010319,14994.0,DRY_RUN_OK,1,59654,25346,8,14994.0,14994.0,DRY_RUN_OK,52
109000003,15078.898,DRY_RUN_OK,1,58973,MIGRACAO,8,3200.75,3200.75,DRY_RUN_OK,46
109000003,15078.898,DRY_RUN_OK,2,59564,13209,8,11878.148,11878.148,DRY_RUN_OK,44
301000001,16898.1,DRY_RUN_OK,1,57328,139/26,48,8882.4,8882.4,DRY_RUN_OK,48
301000001,16898.1,DRY_RUN_OK,2,57328,139/26,4068,6110.1,6110.1,DRY_RUN_OK,50
301000001,16898.1,DRY_RUN_OK,3,57328,139/26,8,6.0,6.0,DRY_RUN_OK,47
301000001,16898.1,DRY_RUN_OK,4,59114,141/26,8,1069.5,1069.5,DRY_RUN_OK,49
301000001,16898.1,DRY_RUN_OK,5,59114,141/26,4068,158.1,158.1,DRY_RUN_OK,39
301000001,16898.1,DRY_RUN_OK,6,59247,142/26,8,671.9999999999985,671.9999999999985,DRY_RUN_OK,38
102030307,17100.0,DRY_RUN_OK,1,57509,136/26,8,7590.0,7590.0,DRY_RUN_OK,38
102030307,17100.0,DRY_RUN_OK,2,58994,139/26,8,9510.0,9510.0,DRY_RUN_OK,46
209079922,17330.0,DRY_RUN_OK,1,59645,13201,8,17330.0,17330.0,DRY_RUN_OK,49
209039912,17900.0,DRY_RUN_OK,1,59641,13201,8,4700.0,4700.0,DRY_RUN_OK,45
209039912,17900.0,DRY_RUN_OK,2,27467,25143,8,13200.0,13200.0,DRY_RUN_OK,54
210030208,18988.0,DRY_RUN_OK,1,49560,567736,8,18988.0,18988.0,DRY_RUN_OK,49
209039913,19800.0,DRY_RUN_OK,1,59642,13201,8,4800.0,4800.0,DRY_RUN_OK,47
209039913,19800.0,DRY_RUN_OK,2,27468,25144,8,15000.0,15000.0,DRY_RUN_OK,47
209079923,20880.0,DRY_RUN_OK,1,59646,13201,8,20880.0,20880.0,DRY_RUN_OK,47
210010204,20965.0,DRY_RUN_OK,1,59303,13219,8,256.0,256.0,DRY_RUN_OK,52
210010204,20965.0,DRY_RUN_OK,2,59485,13222,8,704.0,704.0,DRY_RUN_OK,48
210010204,20965.0,DRY_RUN_OK,3,59742,13225,8,896.0,896.0,DRY_RUN_OK,38
210010204,20965.0,DRY_RUN_OK,4,59094,500107704,8,1691.0,1691.0,DRY_RUN_OK,49
210010204,20965.0,DRY_RUN_OK,5,37109,5111312,8,17418.0,17418.0,DRY_RUN_OK,44
210030102,21404.0,DRY_RUN_OK,1,45083,111691,8,21404.0,21404.0,DRY_RUN_OK,46
209079913,21474.0,DRY_RUN_OK,1,59644,13201,8,21474.0,21474.0,DRY_RUN_OK,45
104000011,22140.01,FALHA_SEM_QUANT,0,,,,0,0,(no transfer),0
209079912,22624.0,DRY_RUN_OK,1,59643,13201,8,22624.0,22624.0,DRY_RUN_OK,47
201030051,22993.838,DRY_RUN_OK,1,58035,057-040/26,8,2100.0,2100.0,DRY_RUN_OK,41
201030051,22993.838,DRY_RUN_OK,2,7644,123498,8,20893.838,20893.838,DRY_RUN_OK,39
207030127,24000.0,DRY_RUN_OK,1,57472,008-007/25,8,2000.0,2000.0,DRY_RUN_OK,46
207030127,24000.0,DRY_RUN_OK,2,10050,0309/24,8,22000.0,22000.0,DRY_RUN_OK,47
207030426,24000.0,DRY_RUN_OK,1,18307,0411/24,8,24000.0,24000.0,DRY_RUN_OK,48
207032627,24000.0,DRY_RUN_OK,1,59077,1111/24-2211/24,8,24000.0,24000.0,DRY_RUN_OK,41
210030115,24206.0,DRY_RUN_OK,1,59690,80411,8,22726.0,22726.0,DRY_RUN_OK,47
210030115,24206.0,DRY_RUN_OK,2,26458,80441,8,1480.0,1480.0,DRY_RUN_OK,50
105000017,24771.59945,DRY_RUN_OK,1,59287,13216,8,310.959,310.959,DRY_RUN_OK,46
105000017,24771.59945,DRY_RUN_OK,2,59313,13219,8,96.8192,96.8192,DRY_RUN_OK,44
105000017,24771.59945,DRY_RUN_OK,3,59495,13222,8,266.2528,266.2528,DRY_RUN_OK,43
105000017,24771.59945,DRY_RUN_OK,4,59579,13224,8,869.427,869.427,DRY_RUN_OK,41
105000017,24771.59945,DRY_RUN_OK,5,59752,13225,8,338.8672,338.8672,DRY_RUN_OK,49
105000017,24771.59945,DRY_RUN_OK,6,59818,13229,8,65.0504,65.0504,DRY_RUN_OK,44
105000017,24771.59945,DRY_RUN_OK,7,59084,"AAEA014,CFF003",8,4548.735,4548.735,DRY_RUN_OK,44
105000017,24771.59945,DRY_RUN_OK,8,59464,ACF003,8,18275.48885,18275.48885,DRY_RUN_OK,51
104000015,26521.94889,DRY_RUN_OK,1,43626,MIGRACAO,8,13752.1245,13752.1245,DRY_RUN_OK,44
104000015,26521.94889,DRY_RUN_OK,2,57478,027-098/26,27458,114.096,114.096,DRY_RUN_OK,54
104000015,26521.94889,DRY_RUN_OK,3,57478,027-098/26,8,9.45,9.45,DRY_RUN_OK,54
104000015,26521.94889,DRY_RUN_OK,4,1987,05072024,8,2e-05,2e-05,DRY_RUN_OK,50
104000015,26521.94889,DRY_RUN_OK,5,7218,124099,27458,1e-05,1e-05,DRY_RUN_OK,49
104000015,26521.94889,DRY_RUN_OK,6,7169,124114,8,2e-05,2e-05,DRY_RUN_OK,47
104000015,26521.94889,DRY_RUN_OK,7,59280,13216,8,130.8729,130.8729,DRY_RUN_OK,52
104000015,26521.94889,DRY_RUN_OK,8,59306,13219,8,54.656,54.656,DRY_RUN_OK,50
104000015,26521.94889,DRY_RUN_OK,9,59488,13222,8,150.304,150.304,DRY_RUN_OK,52
104000015,26521.94889,DRY_RUN_OK,10,59572,13224,8,36.3744,36.3744,DRY_RUN_OK,50
104000015,26521.94889,DRY_RUN_OK,11,59745,13225,8,191.296,191.296,DRY_RUN_OK,46
104000015,26521.94889,DRY_RUN_OK,12,59811,13229,8,36.722,36.722,DRY_RUN_OK,53
104000015,26521.94889,DRY_RUN_OK,13,59775,13231,8,0.8081,0.8081,DRY_RUN_OK,44
104000015,26521.94889,DRY_RUN_OK,14,59793,13233,8,447.4363,447.4363,DRY_RUN_OK,46
104000015,26521.94889,DRY_RUN_OK,15,2523,2207/24,8,2e-05,2e-05,DRY_RUN_OK,48
104000015,26521.94889,DRY_RUN_OK,16,2699,2307/24,8,3e-05,3e-05,DRY_RUN_OK,50
104000015,26521.94889,DRY_RUN_OK,17,2773,2407/24,8,4e-05,4e-05,DRY_RUN_OK,44
104000015,26521.94889,DRY_RUN_OK,18,2905,2507/24,8,4e-05,4e-05,DRY_RUN_OK,50
104000015,26521.94889,DRY_RUN_OK,19,20895,2711/24,27458,5e-05,5e-05,DRY_RUN_OK,46
104000015,26521.94889,DRY_RUN_OK,20,17850,304/24,8,2e-05,2e-05,DRY_RUN_OK,48
104000015,26521.94889,DRY_RUN_OK,21,58303,LF/Estoque - MI062,27458,373.664,373.664,DRY_RUN_OK,41
104000015,26521.94889,DRY_RUN_OK,22,53776,MI 027-098/26,8,1642.0506,1642.0506,DRY_RUN_OK,46
104000015,26521.94889,DRY_RUN_OK,23,53776,MI 027-098/26,27458,167.0848,167.0848,DRY_RUN_OK,45
104000015,26521.94889,DRY_RUN_OK,24,26556,MI008-024/25,8,4e-05,4e-05,DRY_RUN_OK,63
104000015,26521.94889,DRY_RUN_OK,25,22498,MI103/338/24,8,4.5e-05,4.5e-05,DRY_RUN_OK,55
104000015,26521.94889,DRY_RUN_OK,26,57576,P-15/05,8,9415.008954999996,9415.008954999996,DRY_RUN_OK,51
210010347,28420.0,DRY_RUN_OK,1,13930,24843,8,28420.0,28420.0,DRY_RUN_OK,52
209000450,28916.0,DRY_RUN_OK,1,59634,13201,8,28478.0,28478.0,DRY_RUN_OK,52
209000450,28916.0,DRY_RUN_OK,2,59708,13227,8,237.0,237.0,DRY_RUN_OK,49
209000450,28916.0,DRY_RUN_OK,3,59719,13228,8,201.0,201.0,DRY_RUN_OK,56
210030333,29800.0,DRY_RUN_OK,1,59664,13203,8,7008.0,7008.0,DRY_RUN_OK,43
210030333,29800.0,DRY_RUN_OK,2,59300,13219,8,1024.0,1024.0,DRY_RUN_OK,51
210030333,29800.0,DRY_RUN_OK,3,59482,13222,8,2816.0,2816.0,DRY_RUN_OK,45
210030333,29800.0,DRY_RUN_OK,4,59739,13225,8,3584.0,3584.0,DRY_RUN_OK,51
210030333,29800.0,DRY_RUN_OK,5,59805,13229,8,688.0,688.0,DRY_RUN_OK,55
210030333,29800.0,DRY_RUN_OK,6,55425,26198,8,14680.0,14680.0,DRY_RUN_OK,62
301100014,31180.264,DRY_RUN_PARCIAL,1,55997,138/26,48,6587.52,6587.52,DRY_RUN_OK,51
301100014,31180.264,DRY_RUN_PARCIAL,2,55997,138/26,8,3565.48,3565.48,DRY_RUN_OK,53
301100014,31180.264,DRY_RUN_PARCIAL,3,55997,138/26,4066,12.6,12.6,DRY_RUN_OK,51
301100014,31180.264,DRY_RUN_PARCIAL,4,56000,139/26,4068,213.84,213.84,DRY_RUN_OK,48
301100014,31180.264,DRY_RUN_PARCIAL,5,58306,140/26,8,6594.0,6594.0,DRY_RUN_OK,49
301100014,31180.264,DRY_RUN_PARCIAL,6,56008,141/26,8,2110.284,2110.284,DRY_RUN_OK,55
301100014,31180.264,DRY_RUN_PARCIAL,7,59257,142/26,8,8842.32,8842.32,DRY_RUN_OK,49
301100014,31180.264,DRY_RUN_PARCIAL,8,59257,142/26,4066,1180.2,1180.2,DRY_RUN_OK,53
301100014,31180.264,DRY_RUN_PARCIAL,9,59257,142/26,4068,105.0,105.0,DRY_RUN_OK,52
210003011,31378.0,DRY_RUN_OK,1,59092,1411/24,8,9152.0,9152.0,DRY_RUN_OK,59
210003011,31378.0,DRY_RUN_OK,2,20796,79541,8,22226.0,22226.0,DRY_RUN_OK,51
210030002,31965.0,DRY_RUN_OK,1,35385,151/25,8,17561.0,17561.0,DRY_RUN_OK,48
210030002,31965.0,DRY_RUN_OK,2,43085,311,8,14404.0,14404.0,DRY_RUN_OK,51
209000110,33528.0,DRY_RUN_OK,1,59627,13201,8,26064.0,26064.0,DRY_RUN_OK,53
209000110,33528.0,DRY_RUN_OK,2,28309,5114943980,8,7464.0,7464.0,DRY_RUN_OK,66
206901619,34644.0,DRY_RUN_OK,1,59596,13210,8,34644.0,34644.0,DRY_RUN_OK,53
210030330,36164.0,DRY_RUN_OK,1,59662,13203,8,36164.0,36164.0,DRY_RUN_OK,54
209039900,43184.0,DRY_RUN_OK,1,59640,13201,8,12074.0,12074.0,DRY_RUN_OK,61
209039900,43184.0,DRY_RUN_OK,2,59089,25777,8,31110.0,31110.0,DRY_RUN_OK,60
210030203,43478.0,DRY_RUN_OK,1,59788,13233,8,616.0,616.0,DRY_RUN_OK,56
210030203,43478.0,DRY_RUN_OK,2,40150,549802,8,31688.0,31688.0,DRY_RUN_OK,52
210030203,43478.0,DRY_RUN_OK,3,46377,567738,8,11174.0,11174.0,DRY_RUN_OK,57
3800009,44748.0,DRY_RUN_OK,1,59612,13213,8,41598.0,41598.0,DRY_RUN_OK,58
3800009,44748.0,DRY_RUN_OK,2,59071,315/25,8,3150.0,3150.0,DRY_RUN_OK,54
209049900,46098.0,DRY_RUN_OK,1,59090,"24808, 0212/24",8,46098.0,46098.0,DRY_RUN_OK,53
207901619,47836.0,DRY_RUN_OK,1,33024,104/25,8,38872.0,38872.0,DRY_RUN_OK,51
207901619,47836.0,DRY_RUN_OK,2,59602,13211,8,8964.0,8964.0,DRY_RUN_OK,52
210030327,49742.0,DRY_RUN_OK,1,59660,13203,8,49742.0,49742.0,DRY_RUN_OK,53
210030427,51036.0,DRY_RUN_OK,1,59667,13203,8,51036.0,51036.0,DRY_RUN_OK,53
210030100,51493.0,DRY_RUN_OK,1,59299,13219,8,1024.0,1024.0,DRY_RUN_OK,50
210030100,51493.0,DRY_RUN_OK,2,59481,13222,8,2816.0,2816.0,DRY_RUN_OK,49
210030100,51493.0,DRY_RUN_OK,3,59738,13225,8,3584.0,3584.0,DRY_RUN_OK,50
210030100,51493.0,DRY_RUN_OK,4,59804,13229,8,688.0,688.0,DRY_RUN_OK,51
210030100,51493.0,DRY_RUN_OK,5,59680,88761,8,9818.0,9818.0,DRY_RUN_OK,58
210030100,51493.0,DRY_RUN_OK,6,59124,BR1282/25,8,33563.0,33563.0,DRY_RUN_OK,58
210030001,52488.0,DRY_RUN_OK,1,43059,308,8,17692.0,17692.0,DRY_RUN_OK,41
210030001,52488.0,DRY_RUN_OK,2,59663,92869,8,34796.0,34796.0,DRY_RUN_OK,50
209019900,52880.0,DRY_RUN_OK,1,59637,13201,8,4500.0,4500.0,DRY_RUN_OK,52
209019900,52880.0,DRY_RUN_OK,2,59705,13227,8,948.0,948.0,DRY_RUN_OK,48
209019900,52880.0,DRY_RUN_OK,3,59088,251120,8,47432.0,47432.0,DRY_RUN_OK,52
210030000,53168.0,DRY_RUN_OK,1,55117,111,8,38472.0,38472.0,DRY_RUN_OK,55
210030000,53168.0,DRY_RUN_OK,2,59301,13219,8,1024.0,1024.0,DRY_RUN_OK,48
210030000,53168.0,DRY_RUN_OK,3,59483,13222,8,2816.0,2816.0,DRY_RUN_OK,46
210030000,53168.0,DRY_RUN_OK,4,59740,13225,8,3584.0,3584.0,DRY_RUN_OK,50
210030000,53168.0,DRY_RUN_OK,5,59806,13229,8,688.0,688.0,DRY_RUN_OK,56
210030000,53168.0,DRY_RUN_OK,6,44502,332,8,6584.0,6584.0,DRY_RUN_OK,55
209049913,57571.0,DRY_RUN_OK,1,13929,24875,8,57571.0,57571.0,DRY_RUN_OK,56
209049912,57766.0,DRY_RUN_OK,1,13928,24874,8,57766.0,57766.0,DRY_RUN_OK,44
210030326,64570.0,DRY_RUN_OK,1,59098,1610/24,8,64570.0,64570.0,DRY_RUN_OK,53
210030325,66532.0,DRY_RUN_OK,1,57326,LF/Estoque - 24715,8,34500.0,34500.0,DRY_RUN_OK,58
210030325,66532.0,DRY_RUN_OK,2,57325,LF/Estoque - MIGRAÇÃO,8,32032.0,32032.0,DRY_RUN_OK,62
210030322,69018.0,DRY_RUN_OK,1,59656,13203,8,25218.0,25218.0,DRY_RUN_OK,52
210030322,69018.0,DRY_RUN_OK,2,59789,13233,8,7392.0,7392.0,DRY_RUN_OK,52
210030322,69018.0,DRY_RUN_OK,3,44760,251041,8,36408.0,36408.0,DRY_RUN_OK,48
3800016,71290.88,DRY_RUN_OK,1,59074,082/26,8,1301.115,1301.115,DRY_RUN_OK,39
3800016,71290.88,DRY_RUN_OK,2,59614,13214,8,69989.765,69989.765,DRY_RUN_OK,43
210030209,73416.0,DRY_RUN_OK,1,59691,3107,8,72529.0,72529.0,DRY_RUN_OK,54
210030209,73416.0,DRY_RUN_OK,2,34183,5102874,8,887.0,887.0,DRY_RUN_OK,50
209000152,76068.0,DRY_RUN_OK,1,59630,13201,8,15200.0,15200.0,DRY_RUN_OK,52
209000152,76068.0,DRY_RUN_OK,2,59703,13227,8,948.0,948.0,DRY_RUN_OK,51
209000152,76068.0,DRY_RUN_OK,3,59712,13228,8,804.0,804.0,DRY_RUN_OK,55
209000152,76068.0,DRY_RUN_OK,4,59087,5326,8,51916.0,51916.0,DRY_RUN_OK,55
209000152,76068.0,DRY_RUN_OK,5,59240,8507,8,7200.0,7200.0,DRY_RUN_OK,49
209000151,79392.0,DRY_RUN_OK,1,59629,13201,8,69996.0,69996.0,DRY_RUN_OK,51
209000151,79392.0,DRY_RUN_OK,2,59702,13227,8,948.0,948.0,DRY_RUN_OK,52
209000151,79392.0,DRY_RUN_OK,3,59713,13228,8,804.0,804.0,DRY_RUN_OK,49
209000151,79392.0,DRY_RUN_OK,4,59242,6433,8,7644.0,7644.0,DRY_RUN_OK,49
210030323,84136.0,DRY_RUN_OK,1,59658,13203,8,42136.0,42136.0,DRY_RUN_OK,51
210030323,84136.0,DRY_RUN_OK,2,40279,25854,8,42000.0,42000.0,DRY_RUN_OK,49
209000410,102354.0,DRY_RUN_OK,1,59382,13192,8,1400.0,1400.0,DRY_RUN_OK,61
209000410,102354.0,DRY_RUN_OK,2,58496,13194,8,1400.0,1400.0,DRY_RUN_OK,47
209000410,102354.0,DRY_RUN_OK,3,59633,13201,8,78470.0,78470.0,DRY_RUN_OK,50
209000410,102354.0,DRY_RUN_OK,4,59350,13217,8,1409.0,1409.0,DRY_RUN_OK,54
209000410,102354.0,DRY_RUN_OK,5,59005,5159/11,8,19675.0,19675.0,DRY_RUN_OK,58
210010322,143100.0,DRY_RUN_OK,1,21159,241104,8,143100.0,143100.0,DRY_RUN_OK,52
210030110,158212.0,DRY_RUN_OK,1,59007,1129,8,158212.0,158212.0,DRY_RUN_OK,50
207210017,158380.0,DRY_RUN_OK,1,59598,13210,8,4032.0,4032.0,DRY_RUN_OK,64
207210017,158380.0,DRY_RUN_OK,2,59771,13231,8,294.0,294.0,DRY_RUN_OK,59
207210017,158380.0,DRY_RUN_OK,3,59004,ME237-205/24,8,137277.0,137277.0,DRY_RUN_OK,55
207210017,158380.0,DRY_RUN_OK,4,57577,P-15/05,8,16777.0,16777.0,DRY_RUN_OK,54
210030321,169952.0,DRY_RUN_OK,1,59655,13203,8,113450.0,113450.0,DRY_RUN_OK,52
210030321,169952.0,DRY_RUN_OK,2,55426,26225,8,56502.0,56502.0,DRY_RUN_OK,53
210030111,226276.0,DRY_RUN_OK,1,33010,80881,8,222880.0,222880.0,DRY_RUN_OK,51
210030111,226276.0,DRY_RUN_OK,2,44108,83380,8,3396.0,3396.0,DRY_RUN_OK,50
210030010,236222.0,DRY_RUN_OK,1,59786,13233,8,7392.0,7392.0,DRY_RUN_OK,49
210030010,236222.0,DRY_RUN_OK,2,55889,85127,8,228830.0,228830.0,DRY_RUN_OK,48
210030105,256126.0,DRY_RUN_OK,1,51381,84482,8,256126.0,256126.0,DRY_RUN_OK,52
210030428,259576.0,DRY_RUN_OK,1,59669,13203,8,259576.0,259576.0,DRY_RUN_OK,53
210030007,291266.0,DRY_RUN_OK,1,33009,81223,8,74880.0,74880.0,DRY_RUN_OK,60
210030007,291266.0,DRY_RUN_OK,2,59670,92934,8,216386.0,216386.0,DRY_RUN_OK,56
210030328,322676.0,DRY_RUN_OK,1,59661,13203,8,75000.0,75000.0,DRY_RUN_OK,56
210030328,322676.0,DRY_RUN_OK,2,50010,26099,8,247676.0,247676.0,DRY_RUN_OK,62
207210014,372348.0,DRY_RUN_OK,1,59385,13192,8,1400.0,1400.0,DRY_RUN_OK,50
207210014,372348.0,DRY_RUN_OK,2,58499,13194,8,1400.0,1400.0,DRY_RUN_OK,66
207210014,372348.0,DRY_RUN_OK,3,59597,13210,8,321087.376,321087.376,DRY_RUN_OK,63
207210014,372348.0,DRY_RUN_OK,4,59278,13216,8,349.0,349.0,DRY_RUN_OK,62
207210014,372348.0,DRY_RUN_OK,5,59353,13217,8,1409.0,1409.0,DRY_RUN_OK,62
207210014,372348.0,DRY_RUN_OK,6,59304,13219,8,256.0,256.0,DRY_RUN_OK,54
207210014,372348.0,DRY_RUN_OK,7,59486,13222,8,704.0,704.0,DRY_RUN_OK,46
207210014,372348.0,DRY_RUN_OK,8,59570,13224,8,97.0,97.0,DRY_RUN_OK,50
207210014,372348.0,DRY_RUN_OK,9,59743,13225,8,896.0,896.0,DRY_RUN_OK,49
207210014,372348.0,DRY_RUN_OK,10,59709,13227,8,237.0,237.0,DRY_RUN_OK,45
207210014,372348.0,DRY_RUN_OK,11,59718,13228,8,201.0,201.0,DRY_RUN_OK,45
207210014,372348.0,DRY_RUN_OK,12,59809,13229,8,172.0,172.0,DRY_RUN_OK,51
207210014,372348.0,DRY_RUN_OK,13,59770,13231,8,49.0,49.0,DRY_RUN_OK,44
207210014,372348.0,DRY_RUN_OK,14,59791,13233,8,616.0,616.0,DRY_RUN_OK,52
207210014,372348.0,DRY_RUN_OK,15,3948,ME241-207/24,8,31028.624,31028.624,DRY_RUN_OK,51
207210014,372348.0,DRY_RUN_OK,16,57578,P-15/05,8,12446.000000000011,12446.000000000011,DRY_RUN_OK,51
209010110,412752.0,DRY_RUN_OK,1,59006,03/04/2026,8,114744.0,114744.0,DRY_RUN_OK,55
209010110,412752.0,DRY_RUN_OK,2,59378,13192,8,16800.0,16800.0,DRY_RUN_OK,47
209010110,412752.0,DRY_RUN_OK,3,58492,13194,8,16800.0,16800.0,DRY_RUN_OK,50
209010110,412752.0,DRY_RUN_OK,4,59636,13201,8,247500.0,247500.0,DRY_RUN_OK,49
209010110,412752.0,DRY_RUN_OK,5,59346,13217,8,16908.0,16908.0,DRY_RUN_OK,49
210030005,438296.0,DRY_RUN_OK,1,54710,84927,8,72052.0,72052.0,DRY_RUN_OK,57
210030005,438296.0,DRY_RUN_OK,2,59668,92934,8,366244.0,366244.0,DRY_RUN_OK,48
210030320,618108.0,DRY_RUN_OK,1,59008,0611/24,8,567912.0,567912.0,DRY_RUN_OK,49
210030320,618108.0,DRY_RUN_OK,2,59653,13203,8,50196.0,50196.0,DRY_RUN_OK,53
209019912,698355.0,DRY_RUN_OK,1,59380,13192,8,16800.0,16800.0,DRY_RUN_OK,54
209019912,698355.0,DRY_RUN_OK,2,58494,13194,8,16800.0,16800.0,DRY_RUN_OK,52
209019912,698355.0,DRY_RUN_OK,3,59638,13201,8,622212.0,622212.0,DRY_RUN_OK,48
209019912,698355.0,DRY_RUN_OK,4,59348,13217,8,16908.0,16908.0,DRY_RUN_OK,54
209019912,698355.0,DRY_RUN_OK,5,55177,26220,8,25635.0,25635.0,DRY_RUN_OK,62
209019913,718780.0,DRY_RUN_OK,1,59381,13192,8,16800.0,16800.0,DRY_RUN_OK,64
209019913,718780.0,DRY_RUN_OK,2,58495,13194,8,16800.0,16800.0,DRY_RUN_OK,62
209019913,718780.0,DRY_RUN_OK,3,59639,13201,8,557200.0,557200.0,DRY_RUN_OK,52
209019913,718780.0,DRY_RUN_OK,4,59349,13217,8,16908.0,16908.0,DRY_RUN_OK,55
209019913,718780.0,DRY_RUN_OK,5,55178,26219,8,111072.0,111072.0,DRY_RUN_OK,52
209000511,787384.0,DRY_RUN_OK,1,56069,12317,8,150750.0,150750.0,DRY_RUN_OK,57
209000511,787384.0,DRY_RUN_OK,2,59383,13192,8,16800.0,16800.0,DRY_RUN_OK,61
209000511,787384.0,DRY_RUN_OK,3,58497,13194,8,16800.0,16800.0,DRY_RUN_OK,49
209000511,787384.0,DRY_RUN_OK,4,59635,13201,8,586126.0,586126.0,DRY_RUN_OK,58
209000511,787384.0,DRY_RUN_OK,5,59351,13217,8,16908.0,16908.0,DRY_RUN_OK,59
210030112,841868.0,DRY_RUN_OK,1,13760,79421,8,48864.0,48864.0,DRY_RUN_OK,53
210030112,841868.0,DRY_RUN_OK,2,54713,84926,8,793004.0,793004.0,DRY_RUN_OK,48
210030009,988233.794,DRY_RUN_PARCIAL,1,28386,80433,8,25209.792,25209.792,DRY_RUN_OK,52
210030009,988233.794,DRY_RUN_PARCIAL,2,32361,81123,8,963024.0,963024.0,DRY_RUN_OK,52
104000042,2.273741,DRY_RUN_OK,1,58821,MIGRACAO,8,1.4834,1.4834,DRY_RUN_OK,41
104000042,2.273741,DRY_RUN_OK,2,57470,001-008/25,8,0.7903409999999997,0.7903409999999997,DRY_RUN_OK,52
4310176,1094.0,DRY_RUN_PARCIAL,1,56012,138/26,8,742.0,742.0,DRY_RUN_OK,65
4310176,1094.0,DRY_RUN_PARCIAL,2,58388,139/26,8,351.0,351.0,DRY_RUN_OK,50
105000022,7047.05644,DRY_RUN_OK,1,17977,01/11,8,4e-05,4e-05,DRY_RUN_OK,54
105000022,7047.05644,DRY_RUN_OK,2,59795,13233,8,1710.7784,1710.7784,DRY_RUN_OK,57
105000022,7047.05644,DRY_RUN_OK,3,59009,262-01/11,8,1191.3793,1191.3793,DRY_RUN_OK,55
105000022,7047.05644,DRY_RUN_OK,4,42023,276,8,4144.8987,4144.8987,DRY_RUN_OK,58
201030052,12000.0,DRY_RUN_OK,1,22273,0412/24,8,12000.0,12000.0,DRY_RUN_OK,51
208000010,118847.7413,DRY_RUN_OK,1,59384,13192,8,1176.0,1176.0,DRY_RUN_OK,53
208000010,118847.7413,DRY_RUN_OK,2,59625,13201,8,110847.1813,110847.1813,DRY_RUN_OK,53
208000010,118847.7413,DRY_RUN_OK,3,59276,13216,8,495.58,495.58,DRY_RUN_OK,50
208000010,118847.7413,DRY_RUN_OK,4,59352,13217,8,1183.56,1183.56,DRY_RUN_OK,47
208000010,118847.7413,DRY_RUN_OK,5,59302,13219,8,204.8,204.8,DRY_RUN_OK,50
208000010,118847.7413,DRY_RUN_OK,6,59484,13222,8,563.2,563.2,DRY_RUN_OK,52
208000010,118847.7413,DRY_RUN_OK,7,59568,13224,8,137.74,137.74,DRY_RUN_OK,44
208000010,118847.7413,DRY_RUN_OK,8,59741,13225,8,716.8,716.8,DRY_RUN_OK,63
208000010,118847.7413,DRY_RUN_OK,9,59707,13227,8,222.38,222.38,DRY_RUN_OK,57
208000010,118847.7413,DRY_RUN_OK,10,59717,13228,8,188.94,188.94,DRY_RUN_OK,52
208000010,118847.7413,DRY_RUN_OK,11,59807,13229,8,137.6,137.6,DRY_RUN_OK,52
208000010,118847.7413,DRY_RUN_OK,12,59772,13231,8,50.47,50.47,DRY_RUN_OK,49
208000010,118847.7413,DRY_RUN_OK,13,59790,13233,8,529.76,529.76,DRY_RUN_OK,52
208000010,118847.7413,DRY_RUN_OK,14,4719,ME236-205/24,8,2393.7299999999987,2393.7299999999987,DRY_RUN_OK,48
104000016,277781.5533,DRY_RUN_PARCIAL,1,58813,MIGRACAO,8,127333.7139,127333.7139,DRY_RUN_OK,44
104000016,277781.5533,DRY_RUN_PARCIAL,2,27284,0102,8,4e-05,4e-05,DRY_RUN_OK,50
104000016,277781.5533,DRY_RUN_PARCIAL,3,57491,089/26,27458,15.625,15.625,DRY_RUN_OK,50
104000016,277781.5533,DRY_RUN_PARCIAL,4,59294,13216,8,125.64,125.64,DRY_RUN_OK,46
104000016,277781.5533,DRY_RUN_PARCIAL,5,59321,13219,8,166.5696,166.5696,DRY_RUN_OK,50
104000016,277781.5533,DRY_RUN_PARCIAL,6,59503,13222,8,458.0665,458.0665,DRY_RUN_OK,46
104000016,277781.5533,DRY_RUN_PARCIAL,7,59586,13224,8,34.92,34.92,DRY_RUN_OK,42
104000016,277781.5533,DRY_RUN_PARCIAL,8,59760,13225,8,582.9937,582.9937,DRY_RUN_OK,53
104000016,277781.5533,DRY_RUN_PARCIAL,9,59826,13229,8,111.914,111.914,DRY_RUN_OK,53
104000016,277781.5533,DRY_RUN_PARCIAL,10,57574,P-15/05,8,148666.9246,148666.9246,DRY_RUN_OK,58
104000016,277781.5533,DRY_RUN_PARCIAL,11,17057,T20241014,8,278.18,278.18,DRY_RUN_OK,65
104000016,277781.5533,DRY_RUN_PARCIAL,12,17057,T20241014,27458,1.92,1.92,DRY_RUN_OK,49
208000111,194.0,DRY_RUN_OK,1,57586,128-083/26,8,167.95,167.95,DRY_RUN_OK,47
208000111,194.0,DRY_RUN_OK,2,59626,13201,8,26.05000000000001,26.05000000000001,DRY_RUN_OK,45
104000050,1.088035,DRY_RUN_OK,1,57646,034-092/25,8,1.088035,1.088035,DRY_RUN_OK,46
104000052,34.75454,DRY_RUN_OK,1,58824,MIGRACAO,8,10.0,10.0,DRY_RUN_OK,46
104000052,34.75454,DRY_RUN_OK,2,39254,0909,8,10.0,10.0,DRY_RUN_OK,51
104000052,34.75454,DRY_RUN_OK,3,59076,1,8,14.7516,14.7516,DRY_RUN_OK,51
104000052,34.75454,DRY_RUN_OK,4,58048,107-260/25,8,0.0029399999999988324,0.0029399999999988324,DRY_RUN_OK,44
105000101,121.64,DRY_RUN_OK,1,59112,1,8,1.64,1.64,DRY_RUN_OK,50
105000101,121.64,DRY_RUN_OK,2,59563,13209,8,120.0,120.0,DRY_RUN_OK,55
208000006,195.6,DRY_RUN_OK,1,57471,004-007/25,8,195.6,195.6,DRY_RUN_OK,56
104000003,1372.0,DRY_RUN_PARCIAL,1,58807,MIGRACAO,8,562.0,562.0,DRY_RUN_OK,54
104000003,1372.0,DRY_RUN_PARCIAL,2,31466,0024120325,8,562.0,562.0,DRY_RUN_OK,50
104000003,1372.0,DRY_RUN_PARCIAL,3,59776,13231,8,32.3253,32.3253,DRY_RUN_OK,50
104000003,1372.0,DRY_RUN_PARCIAL,4,58298,"LF/Estoque - 2025,2527/24",8,185.2375,185.2375,DRY_RUN_OK,51
104000003,1372.0,DRY_RUN_PARCIAL,5,57350,MI 021-065/26,8,30.0,30.0,DRY_RUN_OK,54
4870112,588.0,DRY_RUN_PARCIAL,1,54023,104/26,8,587.917,587.917,DRY_RUN_OK,65
104000018,1463.0,DRY_RUN_OK,1,58814,MIGRACAO,8,691.8256,691.8256,DRY_RUN_OK,53
104000018,1463.0,DRY_RUN_OK,2,38799,0109,8,8e-08,0.0,FALHA_AUMENTO,59
104000018,1463.0,DRY_RUN_OK,3,4343,0208/24,8,7e-06,7e-06,DRY_RUN_OK,61
104000018,1463.0,DRY_RUN_OK,4,57481,033-177/26,8,625.0,625.0,DRY_RUN_OK,61
104000018,1463.0,DRY_RUN_OK,5,59281,13216,8,6.282,6.282,DRY_RUN_OK,48
104000018,1463.0,DRY_RUN_OK,6,59307,13219,8,3.1232,3.1232,DRY_RUN_OK,52
104000018,1463.0,DRY_RUN_OK,7,59489,13222,8,8.5888,8.5888,DRY_RUN_OK,46
104000018,1463.0,DRY_RUN_OK,8,59573,13224,8,1.746,1.746,DRY_RUN_OK,54
104000018,1463.0,DRY_RUN_OK,9,59746,13225,8,10.9312,10.9312,DRY_RUN_OK,52
104000018,1463.0,DRY_RUN_OK,10,59812,13229,8,2.0984,2.0984,DRY_RUN_OK,59
104000018,1463.0,DRY_RUN_OK,11,59774,13231,8,1.6163,1.6163,DRY_RUN_OK,53
104000018,1463.0,DRY_RUN_OK,12,59794,13233,8,7.8959,7.8959,DRY_RUN_OK,57
104000018,1463.0,DRY_RUN_OK,13,59046,LF/Estoque - MIGRAÇÃO,8,21.1588,21.1588,DRY_RUN_OK,52
104000018,1463.0,DRY_RUN_OK,14,57346,MI 168-349/25,8,34.2865,34.2865,DRY_RUN_OK,52
104000018,1463.0,DRY_RUN_OK,15,57346,MI 168-349/25,27458,0.3125,0.3125,DRY_RUN_OK,50
104000018,1463.0,DRY_RUN_OK,16,57555,P-15/05,8,48.13479300000002,48.13479300000002,DRY_RUN_OK,47
105000019,1695.0,DRY_RUN_OK,1,59020,1208/24,8,11.9922,11.9922,DRY_RUN_OK,49
105000019,1695.0,DRY_RUN_OK,2,59314,13219,8,3.1232,3.1232,DRY_RUN_OK,44
105000019,1695.0,DRY_RUN_OK,3,59496,13222,8,8.5888,8.5888,DRY_RUN_OK,49
105000019,1695.0,DRY_RUN_OK,4,59753,13225,8,10.9312,10.9312,DRY_RUN_OK,48
105000019,1695.0,DRY_RUN_OK,5,59819,13229,8,2.0984,2.0984,DRY_RUN_OK,49
105000019,1695.0,DRY_RUN_OK,6,57559,P-15/05,8,1658.2662,1658.2662,DRY_RUN_OK,53
105000037,1999.0,DRY_RUN_OK,1,36762,11276,8,4e-05,4e-05,DRY_RUN_OK,53
105000037,1999.0,DRY_RUN_OK,2,59022,"18/011024-03,1101,MIGRACAO",8,146.8073,146.8073,DRY_RUN_OK,51
105000037,1999.0,DRY_RUN_OK,3,7416,18/032023-04,8,3.7e-05,3.7e-05,DRY_RUN_OK,51
105000037,1999.0,DRY_RUN_OK,4,7685,20266,8,2e-05,2e-05,DRY_RUN_OK,50
105000037,1999.0,DRY_RUN_OK,5,3044,2507/24,8,4e-05,4e-05,DRY_RUN_OK,52
105000037,1999.0,DRY_RUN_OK,6,59472,KFTP2025004,8,1852.1925630000003,1852.1925630000003,DRY_RUN_OK,62
208000008,2239.0,DRY_RUN_OK,1,57500,130- 085/26,8,255.0,255.0,DRY_RUN_OK,58
208000008,2239.0,DRY_RUN_OK,2,59386,13192,8,9.1,9.1,DRY_RUN_OK,50
208000008,2239.0,DRY_RUN_OK,3,58500,13194,8,9.1,9.1,DRY_RUN_OK,45
208000008,2239.0,DRY_RUN_OK,4,59624,13201,8,1271.538,1271.538,DRY_RUN_OK,43
208000008,2239.0,DRY_RUN_OK,5,59279,13216,8,6.4813,6.4813,DRY_RUN_OK,54
208000008,2239.0,DRY_RUN_OK,6,59354,13217,8,9.1585,9.1585,DRY_RUN_OK,48
208000008,2239.0,DRY_RUN_OK,7,59305,13219,8,2.5999,2.5999,DRY_RUN_OK,44
208000008,2239.0,DRY_RUN_OK,8,59487,13222,8,7.1498,7.1498,DRY_RUN_OK,46
208000008,2239.0,DRY_RUN_OK,9,59571,13224,8,1.8014,1.8014,DRY_RUN_OK,51
208000008,2239.0,DRY_RUN_OK,10,59744,13225,8,9.0998,9.0998,DRY_RUN_OK,44
208000008,2239.0,DRY_RUN_OK,11,59710,13227,8,4.2793,4.2793,DRY_RUN_OK,49
208000008,2239.0,DRY_RUN_OK,12,59720,13228,8,3.6293,3.6293,DRY_RUN_OK,50
208000008,2239.0,DRY_RUN_OK,13,59810,13229,8,1.7461,1.7461,DRY_RUN_OK,54
208000008,2239.0,DRY_RUN_OK,14,59773,13231,8,0.91,0.91,DRY_RUN_OK,49
208000008,2239.0,DRY_RUN_OK,15,59792,13233,8,7.1499,7.1499,DRY_RUN_OK,50
208000008,2239.0,DRY_RUN_OK,16,59086,ME-288-239/24,8,640.2567000000003,640.2567000000003,DRY_RUN_OK,56
105000028,2337.0,DRY_RUN_OK,1,59723,1-26-004352,8,800.0,800.0,DRY_RUN_OK,44
105000028,2337.0,DRY_RUN_OK,2,59010,11/03 2030,8,737.2685,737.2685,DRY_RUN_OK,44
105000028,2337.0,DRY_RUN_OK,3,44042,804945,8,799.7315,799.7315,DRY_RUN_OK,50
105000006,2354.0,DRY_RUN_OK,1,59019,0212/24,8,27.0786,27.0786,DRY_RUN_OK,48
105000006,2354.0,DRY_RUN_OK,2,59311,13219,8,5.5968,5.5968,DRY_RUN_OK,48
105000006,2354.0,DRY_RUN_OK,3,59493,13222,8,15.3911,15.3911,DRY_RUN_OK,51
105000006,2354.0,DRY_RUN_OK,4,59750,13225,8,19.5887,19.5887,DRY_RUN_OK,53
105000006,2354.0,DRY_RUN_OK,5,59816,13229,8,3.7603,3.7603,DRY_RUN_OK,48
105000006,2354.0,DRY_RUN_OK,6,44280,810311,8,2282.584500000001,2282.584500000001,DRY_RUN_OK,51
104000007,2466.0,DRY_RUN_OK,1,58809,MIGRACAO,8,101.763,101.763,DRY_RUN_OK,57
104000007,2466.0,DRY_RUN_OK,2,4339,0208/24,8,2e-05,2e-05,DRY_RUN_OK,53
104000007,2466.0,DRY_RUN_OK,3,59320,13219,8,8.745,8.745,DRY_RUN_OK,51
104000007,2466.0,DRY_RUN_OK,4,59502,13222,8,24.0486,24.0486,DRY_RUN_OK,48
104000007,2466.0,DRY_RUN_OK,5,59759,13225,8,30.6074,30.6074,DRY_RUN_OK,50
104000007,2466.0,DRY_RUN_OK,6,59825,13229,8,5.8755,5.8755,DRY_RUN_OK,48
104000007,2466.0,DRY_RUN_OK,7,59801,13233,8,118.4383,118.4383,DRY_RUN_OK,52
104000007,2466.0,DRY_RUN_OK,8,57530,4260112,8,11.6,11.6,DRY_RUN_OK,51
104000007,2466.0,DRY_RUN_OK,9,59427,INV-104000007-20260 518,8,101.763,101.763,DRY_RUN_OK,54
104000007,2466.0,DRY_RUN_OK,10,57563,P-15/05,8,2063.1591800000006,2063.1591800000006,DRY_RUN_OK,51
104000004,3866.0,DRY_RUN_OK,1,58808,MIGRACAO,8,1821.9813,1821.9813,DRY_RUN_OK,55
104000004,3866.0,DRY_RUN_OK,2,38811,0109,27458,8e-08,0.0,FALHA_AUMENTO,45
104000004,3866.0,DRY_RUN_OK,3,57474,013-050/26,8,576.097901,576.097901,DRY_RUN_OK,43
104000004,3866.0,DRY_RUN_OK,4,57474,013-050/26,27458,2.35872,2.35872,DRY_RUN_OK,44
104000004,3866.0,DRY_RUN_OK,5,57482,033-177/26,8,587.2824,587.2824,DRY_RUN_OK,55
104000004,3866.0,DRY_RUN_OK,6,10240,0409/24,8,1e-07,0.0,FALHA_AUMENTO,43
104000004,3866.0,DRY_RUN_OK,7,1986,05072024,4068,5e-07,0.0,FALHA_AUMENTO,51
104000004,3866.0,DRY_RUN_OK,8,5174,0908/24,27458,5e-05,5e-05,DRY_RUN_OK,48
104000004,3866.0,DRY_RUN_OK,9,59293,13216,8,6.282,6.282,DRY_RUN_OK,52
104000004,3866.0,DRY_RUN_OK,10,59319,13219,8,3.1232,3.1232,DRY_RUN_OK,51
104000004,3866.0,DRY_RUN_OK,11,59501,13222,8,8.5888,8.5888,DRY_RUN_OK,49
104000004,3866.0,DRY_RUN_OK,12,59585,13224,8,1.746,1.746,DRY_RUN_OK,53
104000004,3866.0,DRY_RUN_OK,13,59758,13225,8,10.9312,10.9312,DRY_RUN_OK,52
104000004,3866.0,DRY_RUN_OK,14,59824,13229,8,2.0984,2.0984,DRY_RUN_OK,50
104000004,3866.0,DRY_RUN_OK,15,59800,13233,8,7.8959,7.8959,DRY_RUN_OK,44
104000004,3866.0,DRY_RUN_OK,16,25697,1501/25,27458,4e-05,4e-05,DRY_RUN_OK,48
104000004,3866.0,DRY_RUN_OK,17,2901,2507/24,27458,4.644e-05,4.644e-05,DRY_RUN_OK,45
104000004,3866.0,DRY_RUN_OK,18,7678,5770,8,3e-07,0.0,FALHA_AUMENTO,51
104000004,3866.0,DRY_RUN_OK,19,59426,INV-104000004-2026 0518,8,837.61404256,837.61404256,DRY_RUN_OK,40
104000002,8631.0,DRY_RUN_OK,1,58806,MIGRACAO,8,3877.6409,3877.6409,DRY_RUN_OK,49
104000002,8631.0,DRY_RUN_OK,2,17982,01/11,27458,2.01e-05,2.01e-05,DRY_RUN_OK,53
104000002,8631.0,DRY_RUN_OK,3,38810,0109,27458,3.1e-07,0.0,FALHA_AUMENTO,45
104000002,8631.0,DRY_RUN_OK,4,57475,014-065/26,8,833.005764,833.005764,DRY_RUN_OK,50
104000002,8631.0,DRY_RUN_OK,5,57475,014-065/26,27458,15.51312,15.51312,DRY_RUN_OK,49
104000002,8631.0,DRY_RUN_OK,6,4341,0208/24,27458,1.9e-05,1.9e-05,DRY_RUN_OK,45
104000002,8631.0,DRY_RUN_OK,7,57479,030-112/26,8,1918.85896,1918.85896,DRY_RUN_OK,50
104000002,8631.0,DRY_RUN_OK,8,57479,030-112/26,27458,52.867466,52.867466,DRY_RUN_OK,44
104000002,8631.0,DRY_RUN_OK,9,59292,13216,8,7.5384,7.5384,DRY_RUN_OK,49
104000002,8631.0,DRY_RUN_OK,10,59318,13219,8,2.8109,2.8109,DRY_RUN_OK,50
104000002,8631.0,DRY_RUN_OK,11,59500,13222,8,7.7299,7.7299,DRY_RUN_OK,51
104000002,8631.0,DRY_RUN_OK,12,59584,13224,8,2.0952,2.0952,DRY_RUN_OK,49
104000002,8631.0,DRY_RUN_OK,13,59757,13225,8,9.8381,9.8381,DRY_RUN_OK,46
104000002,8631.0,DRY_RUN_OK,14,59823,13229,8,1.8886,1.8886,DRY_RUN_OK,53
104000002,8631.0,DRY_RUN_OK,15,59799,13233,8,7.8959,7.8959,DRY_RUN_OK,45
104000002,8631.0,DRY_RUN_OK,16,12000,1709/24,27458,2e-05,2e-05,DRY_RUN_OK,48
104000002,8631.0,DRY_RUN_OK,17,59425,20260520,8,1893.3167308999996,1893.3167308999996,DRY_RUN_OK,49
105000024,34791.0,DRY_RUN_OK,1,59315,13219,8,104.1056,104.1056,DRY_RUN_OK,48
105000024,34791.0,DRY_RUN_OK,2,59497,13222,8,286.2905,286.2905,DRY_RUN_OK,51
105000024,34791.0,DRY_RUN_OK,3,59754,13225,8,364.3697,364.3697,DRY_RUN_OK,50
105000024,34791.0,DRY_RUN_OK,4,59820,13229,8,69.946,69.946,DRY_RUN_OK,44
105000024,34791.0,DRY_RUN_OK,5,59797,13233,8,78.9589,78.9589,DRY_RUN_OK,49
105000024,34791.0,DRY_RUN_OK,6,58002,220126,8,780.0,780.0,DRY_RUN_OK,44
105000024,34791.0,DRY_RUN_OK,7,59466,P-15/05,8,25827.477,25827.477,DRY_RUN_OK,44
105000024,34791.0,DRY_RUN_OK,8,59085,"migração,230326,MIGRAÇÃO",8,7279.852299999991,7279.852299999991,DRY_RUN_OK,38
209000150,76392.0,DRY_RUN_OK,1,59628,13201,8,15288.0,15288.0,DRY_RUN_OK,48
209000150,76392.0,DRY_RUN_OK,2,59704,13227,8,948.0,948.0,DRY_RUN_OK,53
209000150,76392.0,DRY_RUN_OK,3,59714,13228,8,804.0,804.0,DRY_RUN_OK,49
209000150,76392.0,DRY_RUN_OK,4,54141,6381,8,51708.0,51708.0,DRY_RUN_OK,50
209000150,76392.0,DRY_RUN_OK,5,59241,6433,8,7644.0,7644.0,DRY_RUN_OK,49
105000078,21.0,DRY_RUN_OK,1,59110,1,8,18.5348,18.5348,DRY_RUN_OK,57
105000078,21.0,DRY_RUN_OK,2,59767,13231,8,2.4651999999999994,2.4651999999999994,DRY_RUN_OK,50
105000046,25.0,DRY_RUN_OK,1,57490,085-213/25,8,22.0,22.0,DRY_RUN_OK,46
105000046,25.0,DRY_RUN_OK,2,27443,1202,8,0.3303,0.3303,DRY_RUN_OK,51
105000046,25.0,DRY_RUN_OK,3,59474,M25040802-21/2025847,8,2.6697,2.6697,DRY_RUN_OK,49
105000011,31.0,DRY_RUN_OK,1,59285,13216,8,6.282,6.282,DRY_RUN_OK,53
105000011,31.0,DRY_RUN_OK,2,59577,13224,8,1.746,1.746,DRY_RUN_OK,51
105000011,31.0,DRY_RUN_OK,3,59461,7500517546,8,22.972,22.972,DRY_RUN_OK,50
104000014,43.0,DRY_RUN_OK,1,58812,MIGRACAO,8,7.3476,7.3476,DRY_RUN_OK,52
104000014,43.0,DRY_RUN_OK,2,57492,091-213/25,8,35.6524,35.6524,DRY_RUN_OK,51
105000059,73.0,DRY_RUN_OK,1,59479,2211,8,72.8179,72.8179,DRY_RUN_OK,51
105000059,73.0,DRY_RUN_OK,2,59024,23/06/2025,8,0.18210000000000548,0.18210000000000548,DRY_RUN_OK,52
104000048,79.0,DRY_RUN_PARCIAL,1,58823,MIGRACAO,8,0.9477,0.9477,DRY_RUN_OK,48
104000048,79.0,DRY_RUN_PARCIAL,2,18356,04/11,8,0.9477,0.9477,DRY_RUN_OK,50
104000048,79.0,DRY_RUN_PARCIAL,3,59322,13219,8,0.1562,0.1562,DRY_RUN_OK,50
104000048,79.0,DRY_RUN_PARCIAL,4,59504,13222,8,0.4294,0.4294,DRY_RUN_OK,52
104000048,79.0,DRY_RUN_PARCIAL,5,59761,13225,8,0.5466,0.5466,DRY_RUN_OK,50
104000048,79.0,DRY_RUN_PARCIAL,6,59827,13229,8,0.1049,0.1049,DRY_RUN_OK,48
104000048,79.0,DRY_RUN_PARCIAL,7,59065,"14/11,01/11-04/11,0312/24",8,75.5748,75.5748,DRY_RUN_OK,50
104000034,79.0,DRY_RUN_OK,1,58818,MIGRACAO,8,4.7404,4.7404,DRY_RUN_OK,46
104000034,79.0,DRY_RUN_OK,2,59432,089165820-F3,8,4.7404,4.7404,DRY_RUN_OK,50
104000034,79.0,DRY_RUN_OK,3,59235,131/26,8,40.0,40.0,DRY_RUN_OK,50
104000034,79.0,DRY_RUN_OK,4,59058,"20/24,0601/25",8,29.519200000000012,29.519200000000012,DRY_RUN_OK,50
105000077,88.0,DRY_RUN_OK,1,58966,MIGRACAO,8,28.0,28.0,DRY_RUN_OK,46
105000077,88.0,DRY_RUN_OK,2,59026,1,8,31.7168,31.7168,DRY_RUN_OK,48
105000077,88.0,DRY_RUN_OK,3,59543,13208,8,28.0,28.0,DRY_RUN_OK,46
105000077,88.0,DRY_RUN_OK,4,58030,140-316/25,8,0.2832000000000008,0.2832000000000008,DRY_RUN_OK,52
104000009,90.0,DRY_RUN_OK,1,58810,MIGRACAO,8,90.0,90.0,DRY_RUN_OK,40
105000031,125.0,DRY_RUN_OK,1,59289,13216,8,18.846,18.846,DRY_RUN_OK,51
105000031,125.0,DRY_RUN_OK,2,59581,13224,8,5.238,5.238,DRY_RUN_OK,47
105000031,125.0,DRY_RUN_OK,3,59467,17025025,8,70.3462,70.3462,DRY_RUN_OK,51
105000031,125.0,DRY_RUN_OK,4,26968,20534,8,30.5698,30.5698,DRY_RUN_OK,51
4820146,134.0,DRY_RUN_PARCIAL,1,55490,125/26,8,1.0,1.0,DRY_RUN_OK,50
4820146,134.0,DRY_RUN_PARCIAL,2,44509,332/25,8,132.667,132.667,DRY_RUN_OK,53
104000031,237.0,DRY_RUN_OK,1,58816,MIGRACAO,8,114.2008,114.2008,DRY_RUN_OK,45
104000031,237.0,DRY_RUN_OK,2,57956,005-019/25,8,122.7992,122.7992,DRY_RUN_OK,52
104000001,288.0,DRY_RUN_OK,1,58805,MIGRACAO,8,100.2185,100.2185,DRY_RUN_OK,55
104000001,288.0,DRY_RUN_OK,2,57480,031-092/25,8,25.0,25.0,DRY_RUN_OK,49
104000001,288.0,DRY_RUN_OK,3,59621,13221,8,0.2887,0.2887,DRY_RUN_OK,47
104000001,288.0,DRY_RUN_OK,4,59424,240317-C01,8,100.2185,100.2185,DRY_RUN_OK,50
104000001,288.0,DRY_RUN_OK,5,58296,LF/Estoque - 2026,8,62.27429999999998,62.27429999999998,DRY_RUN_OK,46
4840103,128.0,DRY_RUN_OK,1,56037,132/26,8,128.0,128.0,DRY_RUN_OK,51
4810112,369.0,DRY_RUN_OK,1,33081,104/25,8,369.0,369.0,DRY_RUN_OK,51
4360172,617.0,DRY_RUN_OK,1,54122,107/26,8,1.0,1.0,DRY_RUN_OK,49
4360172,617.0,DRY_RUN_OK,2,56013,138/26,8,616.0,616.0,DRY_RUN_OK,49
