payment_id,payment_name,payment_date,amount,ref,partner_id,partner_name,journal_id,journal_name,company_id,company_name,move_line_id,credit,create_date
18702,PAGIS/2025/00714,2025-12-10,1269.02,NF-e: 141723 Série: 1 - VND/2025/05040,86024,R VOIGTEL,985,AGIS,4,NACOM GOYA - CD,2802207,1269.02,2025-12-15 15:17:02
18053,PJUROS/2025/00002,2025-12-09,32.32,JUROS - NF-e: 141621 Série: 1 - VND/2025/04956,87755,NOVA EURO,1066,JUROS RECEBIDOS,4,NACOM GOYA - CD,2783764,32.32,2025-12-12 17:46:16
18049,PJUROS/2025/00001,2025-12-09,272.15,JUROS - NF-e: 139895 Série: 1 - VND/2025/03730,205846,SUPER BARATAO,1066,JUROS RECEBIDOS,4,NACOM GOYA - CD,2783756,272.15,2025-12-12 17:46:03
18700,PAGIS/2025/00712,2025-12-08,1877.71,NF-e: 141614 Série: 1 - VND/2025/04950,87274,ET DIST LTDA ME,985,AGIS,4,NACOM GOYA - CD,2802203,1877.71,2025-12-15 15:16:59
18698,PAGIS/2025/00710,2025-12-08,4560.73,NF-e: 141880 Série: 1 - VND/2025/05162,88325,MEZZANI,985,AGIS,4,NACOM GOYA - CD,2802199,4560.73,2025-12-15 15:16:56
18696,PAGIS/2025/00708,2025-12-08,2302.19,NF-e: 141594 Série: 1 - VND/2025/04948,87964,EXTREMA DIST,985,AGIS,4,NACOM GOYA - CD,2802195,2302.19,2025-12-15 15:16:53
18694,PAGIS/2025/00706,2025-12-08,4761.99,NF-e: 141647 Série: 1 - VND/2025/04980,204042,P P ALIMENTOS,985,AGIS,4,NACOM GOYA - CD,2802191,4761.99,2025-12-15 15:16:49
18692,PAGIS/2025/00704,2025-12-08,14529.6,NF-e: 141615 Série: 1 - VND/2025/04963,86488,L & G ALIMENTOS DO BRASIL LTDA,985,AGIS,4,NACOM GOYA - CD,2802187,14529.6,2025-12-15 15:16:45
18690,PAGIS/2025/00702,2025-12-08,7298.43,NF-e: 140912 Série: 1 - VND/2025/04498,98882,REIMBERG SUP,985,AGIS,4,NACOM GOYA - CD,2802183,7298.43,2025-12-15 15:16:40
18688,PAGIS/2025/00700,2025-12-08,3111.19,NF-e: 140988 Série: 1 - VND/2025/04522,205343,SCA LITORAL DIST,985,AGIS,4,NACOM GOYA - CD,2802179,3111.19,2025-12-15 15:16:35
18686,PAGIS/2025/00698,2025-12-08,4174.32,NF-e: 141017 Série: 1 - VND/2025/04537,88123,DIST ALFA,985,AGIS,4,NACOM GOYA - CD,2802175,4174.32,2025-12-15 15:16:32
18683,PAGIS/2025/00695,2025-12-08,9400.79,NF-e: 140290 Série: 1 - VND/2025/04041,207868,DITUTTO,985,AGIS,4,NACOM GOYA - CD,2802169,9400.79,2025-12-15 15:16:28
18682,PAGIS/2025/00694,2025-12-07,112936.51,NF-e: 139716 Série: 1 - VND/2025/03595,98894,GRAND MARCA DISTRIBUIDORA LTDA,985,AGIS,4,NACOM GOYA - CD,2802167,112936.51,2025-12-15 15:16:24
18680,PAGIS/2025/00692,2025-12-05,12365.0,NF-e: 140768 Série: 1 - VND/2025/04391,87069,REDE MAIS,985,AGIS,4,NACOM GOYA - CD,2802163,12365.0,2025-12-15 15:16:21
18678,PAGIS/2025/00690,2025-12-05,2850.0,NF-e: 140776 Série: 1 - VND/2025/04375,205734,EVEREST ALIMENTOS,985,AGIS,4,NACOM GOYA - CD,2802159,2850.0,2025-12-15 15:16:16
18676,PAGIS/2025/00688,2025-12-05,1697.42,NF-e: 140789 Série: 1 - VND/2025/04398,206959,CAMPO REAL ATACADO,985,AGIS,4,NACOM GOYA - CD,2802155,1697.42,2025-12-15 15:16:13
18674,PAGIS/2025/00686,2025-12-05,1697.41,NF-e: 140789 Série: 1 - VND/2025/04398,206959,CAMPO REAL ATACADO,985,AGIS,4,NACOM GOYA - CD,2802151,1697.41,2025-12-15 15:16:10
18672,PAGIS/2025/00684,2025-12-05,21221.83,NF-e: 140795 Série: 1 - VND/2025/04407,207858,DISPAN,985,AGIS,4,NACOM GOYA - CD,2802147,21221.83,2025-12-15 15:16:07
18670,PAGIS/2025/00682,2025-12-05,7715.85,NF-e: 140937 Série: 1 - VND/2025/04512,87817,FRIALY,985,AGIS,4,NACOM GOYA - CD,2802143,7715.85,2025-12-15 15:16:04
18668,PAGIS/2025/00680,2025-12-05,4723.88,NF-e: 140512 Série: 1 - VND/2025/04188,206985,ZANOETTO RESTAURANTES CORPORATIVOS,985,AGIS,4,NACOM GOYA - CD,2802139,4723.88,2025-12-15 15:16:00
18666,PAGIS/2025/00678,2025-12-04,15840.1,NF-e: 141837 Série: 1 - VND/2025/05104,88325,MEZZANI,985,AGIS,4,NACOM GOYA - CD,2802135,15840.1,2025-12-15 15:15:56
18664,PAGIS/2025/00676,2025-12-04,1994.94,NF-e: 141471 Série: 1 - VND/2025/04861,88363,LA BELLA,985,AGIS,4,NACOM GOYA - CD,2802131,1994.94,2025-12-15 15:15:52
18662,PAGIS/2025/00674,2025-12-04,3386.84,NF-e: 141472 Série: 1 - VND/2025/04862,87349,CONSUMA,985,AGIS,4,NACOM GOYA - CD,2802127,3386.84,2025-12-15 15:15:49
18660,PAGIS/2025/00672,2025-12-04,4438.98,NF-e: 141473 Série: 1 - VND/2025/04864,87349,CONSUMA,985,AGIS,4,NACOM GOYA - CD,2802123,4438.98,2025-12-15 15:15:46
18658,PAGIS/2025/00670,2025-12-04,15152.25,NF-e: 140727 Série: 1 - VND/2025/04374,87614,ZANEPAN,985,AGIS,4,NACOM GOYA - CD,2802119,15152.25,2025-12-15 15:15:43
18656,PAGIS/2025/00668,2025-12-04,3484.09,NF-e: 140762 Série: 1 - VND/2025/04378,88313,PRIMER,985,AGIS,4,NACOM GOYA - CD,2802115,3484.09,2025-12-15 15:15:40
18654,PAGIS/2025/00666,2025-12-04,43245.0,NF-e: 140766 Série: 1 - VND/2025/04387,87917,ARCO VERDE,985,AGIS,4,NACOM GOYA - CD,2802111,43245.0,2025-12-15 15:15:36
18652,PAGIS/2025/00664,2025-12-04,7612.44,NF-e: 140772 Série: 1 - VND/2025/04366,88225,REDE DILETTARE,985,AGIS,4,NACOM GOYA - CD,2802107,7612.44,2025-12-15 15:15:32
18650,PAGIS/2025/00662,2025-12-04,5233.0,NF-e: 140778 Série: 1 - VND/2025/04394,207979,DILETTARE ATACADO LTDA,985,AGIS,4,NACOM GOYA - CD,2802103,5233.0,2025-12-15 15:15:29
18648,PAGIS/2025/00660,2025-12-04,20582.67,NF-e: 140810 Série: 1 - VND/2025/04435,88163,AMORIX,985,AGIS,4,NACOM GOYA - CD,2802099,20582.67,2025-12-15 15:15:26
18646,PAGIS/2025/00658,2025-12-04,2396.43,NF-e: 140899 Série: 1 - VND/2025/04491,87964,EXTREMA DIST,985,AGIS,4,NACOM GOYA - CD,2802095,2396.43,2025-12-15 15:15:23
18644,PAGIS/2025/00656,2025-12-04,1359.39,NF-e: 140910 Série: 1 - VND/2025/04496,88030,PALMAS,985,AGIS,4,NACOM GOYA - CD,2802091,1359.39,2025-12-15 15:15:18
18642,PAGIS/2025/00654,2025-12-04,8111.72,NF-e: 140596 Série: 1 - VND/2025/04253,98818,MORAES COML,985,AGIS,4,NACOM GOYA - CD,2802087,8111.72,2025-12-15 15:15:15
18640,PAGIS/2025/00652,2025-12-04,9556.23,NF-e: 140593 Série: 1 - VND/2025/04252,87188,O FERMENTEIRO,985,AGIS,4,NACOM GOYA - CD,2802083,9556.23,2025-12-15 15:15:10
18638,PAGIS/2025/00650,2025-12-03,11172.97,NF-e: 92472 Série: 1 - VND/2025/03329,206322,DMG - PRODUTOS ALIMENTICIOS,985,AGIS,1,NACOM GOYA - FB,2802079,11172.97,2025-12-15 15:15:07
18636,PAGIS/2025/00648,2025-12-03,5584.35,NF-e: 141149 Série: 1 - VND/2025/04619,87795,QUEIROZ,985,AGIS,4,NACOM GOYA - CD,2802075,5584.35,2025-12-15 15:15:04
18634,PAGIS/2025/00646,2025-12-03,3447.81,NF-e: 141429 Série: 1 - VND/2025/04828,208484,LUZIA SANTOS DE SOUZA,985,AGIS,4,NACOM GOYA - CD,2802071,3447.81,2025-12-15 15:15:01
18632,PAGIS/2025/00644,2025-12-03,5666.5,NF-e: 141462 Série: 1 - VND/2025/04854,87027,PRONI E SUZUKI ALIME,985,AGIS,4,NACOM GOYA - CD,2802067,5666.5,2025-12-15 15:14:58
18630,PAGIS/2025/00642,2025-12-03,6045.0,NF-e: 141444 Série: 1 - VND/2025/04841,207909,DONNA PIZZAS,985,AGIS,4,NACOM GOYA - CD,2802063,6045.0,2025-12-15 15:14:54
18628,PAGIS/2025/00640,2025-12-03,2807.14,NF-e: 140750 Série: 1 - VND/2025/04384,87274,ET DIST LTDA ME,985,AGIS,4,NACOM GOYA - CD,2802059,2807.14,2025-12-15 15:14:51
18626,PAGIS/2025/00638,2025-12-03,2807.14,NF-e: 140750 Série: 1 - VND/2025/04384,87274,ET DIST LTDA ME,985,AGIS,4,NACOM GOYA - CD,2802055,2807.14,2025-12-15 15:14:48
18624,PAGIS/2025/00636,2025-12-03,4864.77,NF-e: 140803 Série: 1 - VND/2025/04406,88100,RONDONIA,985,AGIS,4,NACOM GOYA - CD,2802051,4864.77,2025-12-15 15:14:42
18622,PAGIS/2025/00634,2025-12-03,25590.36,NF-e: 140810 Série: 1 - VND/2025/04435,88163,AMORIX,985,AGIS,4,NACOM GOYA - CD,2802047,25590.36,2025-12-15 15:14:39
18620,PAGIS/2025/00632,2025-12-03,9025.74,NF-e: 140873 Série: 1 - VND/2025/04446,88315,PRASO DIST,985,AGIS,4,NACOM GOYA - CD,2802043,9025.74,2025-12-15 15:14:35
18618,PAGIS/2025/00630,2025-12-03,1910.98,NF-e: 141039 Série: 1 - VND/2025/04549,203931,PALACIO DOS FRIOS,985,AGIS,4,NACOM GOYA - CD,2802039,1910.98,2025-12-15 15:14:31
18616,PAGIS/2025/00628,2025-12-03,1491.65,NF-e: 140515 Série: 1 - VND/2025/04191,87395,CONTINENTE COMERCIAL,985,AGIS,4,NACOM GOYA - CD,2802035,1491.65,2025-12-15 15:14:29
18614,PAGIS/2025/00626,2025-12-02,2360.67,NF-e: 141372 Série: 1 - VND/2025/04779,202415,SIMOES & SIMOES PANIFICACOES LTDA,985,AGIS,4,NACOM GOYA - CD,2802031,2360.67,2025-12-15 15:14:25
18612,PAGIS/2025/00624,2025-12-02,15840.1,NF-e: 141364 Série: 1 - VND/2025/04771,88325,MEZZANI,985,AGIS,4,NACOM GOYA - CD,2802027,15840.1,2025-12-15 15:14:22
18610,PAGIS/2025/00622,2025-12-02,5703.95,NF-e: 140726 Série: 1 - VND/2025/04368,87936,MULTVENDAS,985,AGIS,4,NACOM GOYA - CD,2802023,5703.95,2025-12-15 15:14:19
18608,PAGIS/2025/00620,2025-12-02,13212.3,NF-e: 140796 Série: 1 - VND/2025/04410,87763,COMERCIAL PROLAC,985,AGIS,4,NACOM GOYA - CD,2802019,13212.3,2025-12-15 15:14:15
18606,PAGIS/2025/00618,2025-12-02,12350.76,NF-e: 140637 Série: 1 - VND/2025/04287,98839,J A DIST LTDA,985,AGIS,4,NACOM GOYA - CD,2802015,12350.76,2025-12-15 15:14:12
18604,PAGIS/2025/00616,2025-12-02,21504.0,NF-e: 140621 Série: 1 - VND/2025/04270,85966,VIENA,985,AGIS,4,NACOM GOYA - CD,2802011,21504.0,2025-12-15 15:14:09
18602,PAGIS/2025/00614,2025-12-02,4852.6,NF-e: 140537 Série: 1 - VND/2025/04201,204001,DANILO ALBERTO,985,AGIS,4,NACOM GOYA - CD,2802007,4852.6,2025-12-15 15:14:05
18600,PAGIS/2025/00612,2025-12-01,2512.84,NF-e: 141305 Série: 1 - VND/2025/04724,87440,MASTER FRIOS,985,AGIS,4,NACOM GOYA - CD,2802003,2512.84,2025-12-15 15:14:01
18598,PAGIS/2025/00610,2025-12-01,14529.6,NF-e: 141615 Série: 1 - VND/2025/04963,86488,L & G ALIMENTOS DO BRASIL LTDA,985,AGIS,4,NACOM GOYA - CD,2801999,14529.6,2025-12-15 15:13:55
18596,PAGIS/2025/00608,2025-12-01,4304.22,NF-e: 140874 Série: 1 - VND/2025/04445,87852,DIST PARATY,985,AGIS,4,NACOM GOYA - CD,2801995,4304.22,2025-12-15 15:13:52
18594,PAGIS/2025/00606,2025-12-01,1358.99,NF-e: 140910 Série: 1 - VND/2025/04496,88030,PALMAS,985,AGIS,4,NACOM GOYA - CD,2801991,1358.99,2025-12-15 15:13:48
18592,PAGIS/2025/00604,2025-12-01,4174.32,NF-e: 141017 Série: 1 - VND/2025/04537,88123,DIST ALFA,985,AGIS,4,NACOM GOYA - CD,2801987,4174.32,2025-12-15 15:13:44
18590,PAGIS/2025/00602,2025-12-01,2716.67,NF-e: 140639 Série: 1 - VND/2025/04286,205846,SUPER BARATAO,985,AGIS,4,NACOM GOYA - CD,2801983,2716.67,2025-12-15 15:13:40
18588,PAGIS/2025/00600,2025-12-01,8613.46,NF-e: 140627 Série: 1 - VND/2025/04275,87617,CDI BARRA,985,AGIS,4,NACOM GOYA - CD,2801979,8613.46,2025-12-15 15:13:37
18586,PAGIS/2025/00598,2025-12-01,1778.15,NF-e: 140482 Série: 1 - VND/2025/04171,208181,COMERCIAL TOPYTOS,985,AGIS,4,NACOM GOYA - CD,2801975,1778.15,2025-12-15 15:13:33
18584,PAGIS/2025/00596,2025-12-01,12886.95,NF-e: 140446 Série: 1 - VND/2025/04152,98927,TOTAL ATACADO LJ 2,985,AGIS,4,NACOM GOYA - CD,2801971,12886.95,2025-12-15 15:13:28
18582,PAGIS/2025/00594,2025-12-01,38070.13,NF-e: 140250 Série: 1 - VND/2025/04019,87578,REDE PAJEU,985,AGIS,4,NACOM GOYA - CD,2801967,38070.13,2025-12-15 15:13:23
18580,PAGIS/2025/00592,2025-11-28,21215.46,NF-e: 140795 Série: 1 - VND/2025/04407,207858,DISPAN,985,AGIS,4,NACOM GOYA - CD,2801963,21215.46,2025-12-15 15:13:20
18578,PAGIS/2025/00590,2025-11-28,7713.54,NF-e: 140937 Série: 1 - VND/2025/04512,87817,FRIALY,985,AGIS,4,NACOM GOYA - CD,2801959,7713.54,2025-12-15 15:13:18
18576,PAGIS/2025/00588,2025-11-27,4858.32,NF-e: 140780 Série: 1 - VND/2025/04395,207979,DILETTARE ATACADO LTDA,985,AGIS,4,NACOM GOYA - CD,2801955,4858.32,2025-12-15 15:13:15
18574,PAGIS/2025/00586,2025-11-27,2395.7,NF-e: 140899 Série: 1 - VND/2025/04491,87964,EXTREMA DIST,985,AGIS,4,NACOM GOYA - CD,2801951,2395.7,2025-12-15 15:13:10
18572,PAGIS/2025/00584,2025-11-27,1358.99,NF-e: 140910 Série: 1 - VND/2025/04496,88030,PALMAS,985,AGIS,4,NACOM GOYA - CD,2801947,1358.99,2025-12-15 15:13:07
18570,PAGIS/2025/00582,2025-11-27,1814.94,NF-e: 140921 Série: 1 - VND/2025/04504,208288,COCO BAMBU JUIZ DE FORA,985,AGIS,4,NACOM GOYA - CD,2801943,1814.94,2025-12-15 15:13:03
18568,PAGIS/2025/00580,2025-11-27,8111.72,NF-e: 140596 Série: 1 - VND/2025/04253,98818,MORAES COML,985,AGIS,4,NACOM GOYA - CD,2801939,8111.72,2025-12-15 15:12:59
18382,PAGIS/2025/00402,2025-11-04,19449.13,NF-e: 139951 Série: 1 - VND/2025/03779,88217,SO FRIOS,985,AGIS,4,NACOM GOYA - CD,2801567,19449.13,2025-12-15 14:58:21
18381,PAGIS/2025/00401,2025-11-04,8324.83,NF-e: 139957 Série: 1 - VND/2025/03773,87763,COMERCIAL PROLAC,985,AGIS,4,NACOM GOYA - CD,2801565,8324.83,2025-12-15 14:58:18
18379,PAGIS/2025/00399,2025-11-04,2375.12,NF-e: 139959 Série: 1 - VND/2025/03772,87340,REDE CUCINARE,985,AGIS,4,NACOM GOYA - CD,2801561,2375.12,2025-12-15 14:58:15
18377,PAGIS/2025/00397,2025-11-04,29765.58,NF-e: 139707 Série: 1 - VND/2025/03584,204072,SL DIST,985,AGIS,4,NACOM GOYA - CD,2801557,29765.58,2025-12-15 14:58:12
18375,PAGIS/2025/00395,2025-11-03,1773.84,NF-e: 140476 Série: 1 - VND/2025/04167,205931,MERCADINHO NIKKEY,985,AGIS,4,NACOM GOYA - CD,2801553,1773.84,2025-12-15 14:58:07
18373,PAGIS/2025/00393,2025-11-03,4310.46,NF-e: 140193 Série: 1 - VND/2025/03972,206868,GAROTO DISTRIBUIDORA,985,AGIS,4,NACOM GOYA - CD,2801549,4310.46,2025-12-15 14:58:04
18371,PAGIS/2025/00391,2025-11-03,2398.0,NF-e: 140063 Série: 1 - VND/2025/03870,87435,MERCATO EXPRESS,985,AGIS,4,NACOM GOYA - CD,2801545,2398.0,2025-12-15 14:58:01
18369,PAGIS/2025/00389,2025-11-03,1181.0,NF-e: 139879 Série: 1 - VND/2025/03718,88325,MEZZANI,985,AGIS,4,NACOM GOYA - CD,2801541,1181.0,2025-12-15 14:57:58
18367,PAGIS/2025/00387,2025-11-03,3114.3,NF-e: 139856 Série: 1 - VND/2025/03701,86488,L & G ALIMENTOS DO BRASIL LTDA,985,AGIS,4,NACOM GOYA - CD,2801537,3114.3,2025-12-15 14:57:54
18365,PAGIS/2025/00385,2025-11-03,4560.74,NF-e: 139860 Série: 1 - VND/2025/03710,88325,MEZZANI,985,AGIS,4,NACOM GOYA - CD,2801533,4560.74,2025-12-15 14:57:51
18363,PAGIS/2025/00383,2025-11-03,4292.19,NF-e: 139768 Série: 1 - VND/2025/03632,87756,GALETOS DIST,985,AGIS,4,NACOM GOYA - CD,2801529,4292.19,2025-12-15 14:57:47
18361,PAGIS/2025/00381,2025-11-02,79450.0,NF-e: 139163 Série: 1 - VND/2025/03168,87848,FORTALI,985,AGIS,4,NACOM GOYA - CD,2801525,79450.0,2025-12-15 14:57:43
18358,PAGIS/2025/00379,2025-11-02,42826.96,NF-e: 137902 Série: 1 - VND/2025/02597,88639,UNIAGRO,985,AGIS,4,NACOM GOYA - CD,2801519,42826.96,2025-12-15 14:57:40
18357,PAGIS/2025/00377,2025-11-01,44592.0,NF-e: 139916 Série: 1 - VND/2025/03749,87595,BEIRAO DA SERRA,985,AGIS,4,NACOM GOYA - CD,2801517,44592.0,2025-12-15 14:57:36
18355,PAGIS/2025/00375,2025-10-31,1867.5,NF-e: 140378 Série: 1 - VND/2025/04099,86810,DTALIA PIZZARIA,985,AGIS,4,NACOM GOYA - CD,2801513,1867.5,2025-12-15 14:57:33
18353,PAGIS/2025/00373,2025-10-31,3444.55,NF-e: 140127 Série: 1 - VND/2025/03921,88162,ROLDI - DISTRIBUIDOR,985,AGIS,4,NACOM GOYA - CD,2801509,3444.55,2025-12-15 14:57:29
18351,PAGIS/2025/00371,2025-10-31,2004.73,NF-e: 140128 Série: 1 - VND/2025/03920,208298,AVANTI ATACADISTA,985,AGIS,4,NACOM GOYA - CD,2801505,2004.73,2025-12-15 14:57:26
18349,PAGIS/2025/00369,2025-10-31,2660.58,NF-e: 140129 Série: 1 - VND/2025/03919,204034,SUPER SAO LUIZ,985,AGIS,4,NACOM GOYA - CD,2801501,2660.58,2025-12-15 14:57:24
18347,PAGIS/2025/00367,2025-10-31,5097.96,NF-e: 140132 Série: 1 - VND/2025/03916,204142,PARIZ & HERNANDES,985,AGIS,4,NACOM GOYA - CD,2801497,5097.96,2025-12-15 14:57:21
18345,PAGIS/2025/00365,2025-10-31,954.36,NF-e: 140115 Série: 1 - VND/2025/03911,204032,A V NIERO COM,985,AGIS,4,NACOM GOYA - CD,2801493,954.36,2025-12-15 14:57:18
18343,PAGIS/2025/00363,2025-10-31,12925.52,NF-e: 140117 Série: 1 - VND/2025/03912,88325,MEZZANI,985,AGIS,4,NACOM GOYA - CD,2801489,12925.52,2025-12-15 14:57:15
18341,PAGIS/2025/00361,2025-10-31,2185.84,NF-e: 139831 Série: 1 - VND/2025/03691,203978,BIGAMORIM ATACAREJO,985,AGIS,4,NACOM GOYA - CD,2801485,2185.84,2025-12-15 14:57:12
18337,PAGIS/2025/00357,2025-10-31,702.78,NF-e: 139287 Série: 1 - VND/2025/03250,86540,COSTELAO,985,AGIS,4,NACOM GOYA - CD,2801477,702.78,2025-12-15 14:57:03
18335,PAGIS/2025/00355,2025-10-31,15835.5,NF-e: 139351 Série: 1 - VND/2025/03296,87617,CDI BARRA,985,AGIS,4,NACOM GOYA - CD,2801473,15835.5,2025-12-15 14:57:00
18333,PAGIS/2025/00353,2025-10-31,3028.14,NF-e: 139300 Série: 1 - VND/2025/03256,87498,SORVEPANI,985,AGIS,4,NACOM GOYA - CD,2801469,3028.14,2025-12-15 14:56:58
18331,PAGIS/2025/00351,2025-10-30,3424.91,NF-e: 140066 Série: 1 - VND/2025/03873,208301,ELMA BISPO DOS SANTOS,985,AGIS,4,NACOM GOYA - CD,2801465,3424.91,2025-12-15 14:56:55
18329,PAGIS/2025/00349,2025-10-30,3990.96,NF-e: 140100 Série: 1 - VND/2025/03899,88343,SUP FEDERZONI,985,AGIS,4,NACOM GOYA - CD,2801461,3990.96,2025-12-15 14:56:50
18327,PAGIS/2025/00347,2025-10-30,1675.81,NF-e: 139782 Série: 1 - VND/2025/03634,86010,TRILIX DIST,985,AGIS,4,NACOM GOYA - CD,2801457,1675.81,2025-12-15 14:56:47
18325,PAGIS/2025/00345,2025-10-30,5969.05,NF-e: 139799 Série: 1 - VND/2025/03658,202712,PLURAL DISTRIBUIDORA DE ALIMENTOS,985,AGIS,4,NACOM GOYA - CD,2801453,5969.05,2025-12-15 14:56:43
18323,PAGIS/2025/00343,2025-10-30,15786.34,NF-e: 139798 Série: 1 - VND/2025/03659,87817,FRIALY,985,AGIS,4,NACOM GOYA - CD,2801449,15786.34,2025-12-15 14:56:38
18321,PAGIS/2025/00341,2025-10-30,3246.03,NF-e: 139774 Série: 1 - VND/2025/03640,87955,CLEAN MIX,985,AGIS,4,NACOM GOYA - CD,2801445,3246.03,2025-12-15 14:56:35
18319,PAGIS/2025/00339,2025-10-30,7191.07,NF-e: 139776 Série: 1 - VND/2025/03638,203933,FRIMIX,985,AGIS,4,NACOM GOYA - CD,2801441,7191.07,2025-12-15 14:56:30
18317,PAGIS/2025/00337,2025-10-30,562.05,NF-e: 139485 Série: 1 - VND/2025/03414,86195,CHURRASCARIA TRILHA,985,AGIS,4,NACOM GOYA - CD,2801437,562.05,2025-12-15 14:56:27
18315,PAGIS/2025/00335,2025-10-30,7593.18,NF-e: 139552 Série: 1 - VND/2025/03476,87088,FACIL DISTRIBUIDORA,985,AGIS,4,NACOM GOYA - CD,2801433,7593.18,2025-12-15 14:56:24
18313,PAGIS/2025/00333,2025-10-30,20188.63,NF-e: 139164 Série: 1 - VND/2025/03169,87973,CELESTE,985,AGIS,4,NACOM GOYA - CD,2801429,20188.63,2025-12-15 14:56:19
18311,PAGIS/2025/00331,2025-10-30,6177.24,NF-e: 138943 Série: 1 - VND/2025/02997,98839,J A DIST LTDA,985,AGIS,4,NACOM GOYA - CD,2801425,6177.24,2025-12-15 14:56:16
18308,PAGIS/2025/00329,2025-10-29,1417.16,NF-e: 139919 Série: 1 - VND/2025/03746,86997,EMBALANDO,985,AGIS,4,NACOM GOYA - CD,2801419,1417.16,2025-12-15 14:56:11
18307,PAGIS/2025/00327,2025-10-29,2575.81,NF-e: 139993 Série: 1 - VND/2025/03818,204049,VIA FILADELFIA,985,AGIS,4,NACOM GOYA - CD,2801417,2575.81,2025-12-15 14:56:07
18305,PAGIS/2025/00325,2025-10-29,2201.77,NF-e: 139741 Série: 1 - VND/2025/03613,205622,VOVÓ DE ATACADO,985,AGIS,4,NACOM GOYA - CD,2801413,2201.77,2025-12-15 14:56:04
18303,PAGIS/2025/00323,2025-10-29,9357.36,NF-e: 139742 Série: 1 - VND/2025/03614,208196,G & D COMERCIAL LTDA,985,AGIS,4,NACOM GOYA - CD,2801409,9357.36,2025-12-15 14:56:01
19846,PAGIS/2025/01858,2025-10-06,10424.52,NF-e: 138802 Série: 1 - VND/2025/03242,207858,DISPAN,985,AGIS,4,NACOM GOYA - CD,2804669,10424.52,2025-12-15 17:02:16
19844,PAGIS/2025/01856,2025-10-06,11998.8,NF-e: 138843 Série: 1 - VND/2025/03268,87773,COMAL,985,AGIS,4,NACOM GOYA - CD,2804665,11998.8,2025-12-15 17:02:13
19842,PAGIS/2025/01854,2025-10-06,2212.2,NF-e: 138868 Série: 1 - VND/2025/03292,206014,PRODUTOS ECLIPSE E AGUIA REAL,985,AGIS,4,NACOM GOYA - CD,2804661,2212.2,2025-12-15 17:02:10
19840,PAGIS/2025/01852,2025-10-06,2571.88,NF-e: 138869 Série: 1 - VND/2025/03293,206023,DISTRIBUIDORA PREMIER,985,AGIS,4,NACOM GOYA - CD,2804657,2571.88,2025-12-15 17:02:07
19838,PAGIS/2025/01850,2025-10-06,2537.1,NF-e: 138885 Série: 1 - VND/2025/03307,87575,DISKPAN,985,AGIS,4,NACOM GOYA - CD,2804653,2537.1,2025-12-15 17:02:04
19836,PAGIS/2025/01848,2025-10-06,5601.19,NF-e: 138888 Série: 1 - VND/2025/02965,207958,FRATELLI COSULICH DO BRASIL,985,AGIS,4,NACOM GOYA - CD,2804649,5601.19,2025-12-15 17:01:59
19834,PAGIS/2025/01846,2025-10-06,7942.67,NF-e: 138912 Série: 1 - VND/2025/02985,87476,DML COMERCIO,985,AGIS,4,NACOM GOYA - CD,2804645,7942.67,2025-12-15 17:01:56
19832,PAGIS/2025/01844,2025-10-06,5179.7,NF-e: 138542 Série: 1 - VND/2025/03072,87756,GALETOS DIST,985,AGIS,4,NACOM GOYA - CD,2804641,5179.7,2025-12-15 17:01:52
19830,PAGIS/2025/01842,2025-10-03,2007.7,NF-e: 139072 Série: 1 - VND/2025/03091,88325,MEZZANI,985,AGIS,4,NACOM GOYA - CD,2804637,2007.7,2025-12-15 17:01:48
19828,PAGIS/2025/01840,2025-10-03,8486.8,NF-e: 139075 Série: 1 - VND/2025/03092,87755,NOVA EURO,985,AGIS,4,NACOM GOYA - CD,2804633,8486.8,2025-12-15 17:01:44
19826,PAGIS/2025/01838,2025-10-03,15840.1,NF-e: 139301 Série: 1 - VND/2025/03257,88325,MEZZANI,985,AGIS,4,NACOM GOYA - CD,2804629,15840.1,2025-12-15 17:01:42
19824,PAGIS/2025/01836,2025-10-03,15840.1,NF-e: 139312 Série: 1 - VND/2025/03266,88325,MEZZANI,985,AGIS,4,NACOM GOYA - CD,2804625,15840.1,2025-12-15 17:01:37
19822,PAGIS/2025/01834,2025-10-03,43164.7,NF-e: 139093 Série: 1 - VND/2025/03105,203965,R.SANTOS ALIMENTOS,985,AGIS,4,NACOM GOYA - CD,2804621,43164.7,2025-12-15 17:01:35
19820,PAGIS/2025/01832,2025-10-03,14449.89,NF-e: 138876 Série: 1 - VND/2025/03300,88163,AMORIX,985,AGIS,4,NACOM GOYA - CD,2804617,14449.89,2025-12-15 17:01:30
19818,PAGIS/2025/01830,2025-10-03,9505.26,NF-e: 138903 Série: 1 - VND/2025/02976,87763,COMERCIAL PROLAC,985,AGIS,4,NACOM GOYA - CD,2804613,9505.26,2025-12-15 17:01:25
19816,PAGIS/2025/01828,2025-10-03,174371.11,NF-e: 138560 Série: 1 - VND/2025/03081,87848,FORTALI,985,AGIS,4,NACOM GOYA - CD,2804609,174371.11,2025-12-15 17:01:21
19814,PAGIS/2025/01826,2025-10-03,2424.59,NF-e: 138541 Série: 1 - VND/2025/03071,87188,O FERMENTEIRO,985,AGIS,4,NACOM GOYA - CD,2804605,2424.59,2025-12-15 17:01:18
19812,PAGIS/2025/01824,2025-10-03,42814.12,NF-e: 137902 Série: 1 - VND/2025/02597,88639,UNIAGRO,985,AGIS,4,NACOM GOYA - CD,2804601,42814.12,2025-12-15 17:01:15
19810,PAGIS/2025/01822,2025-10-02,4052.8,NF-e: 139042 Série: 1 - VND/2025/03073,87376,PRIME FOOD SOLUTIONS,985,AGIS,4,NACOM GOYA - CD,2804597,4052.8,2025-12-15 17:01:11
19808,PAGIS/2025/01820,2025-10-02,3925.8,NF-e: 139039 Série: 1 - VND/2025/03072,207909,DONNA PIZZAS,985,AGIS,4,NACOM GOYA - CD,2804593,3925.8,2025-12-15 17:01:08
19806,PAGIS/2025/01818,2025-10-02,6103.82,NF-e: 138842 Série: 1 - VND/2025/03267,85984,SERVE MAIS,985,AGIS,4,NACOM GOYA - CD,2804589,6103.82,2025-12-15 17:01:03
19804,PAGIS/2025/01816,2025-10-02,1852.5,NF-e: 138861 Série: 1 - VND/2025/03283,205622,VOVÓ DE ATACADO,985,AGIS,4,NACOM GOYA - CD,2804585,1852.5,2025-12-15 17:01:00
19802,PAGIS/2025/01814,2025-10-02,4217.85,NF-e: 138870 Série: 1 - VND/2025/03294,205734,EVEREST ALIMENTOS,985,AGIS,4,NACOM GOYA - CD,2804581,4217.85,2025-12-15 17:00:56
19800,PAGIS/2025/01812,2025-10-02,5757.21,NF-e: 138630 Série: 1 - VND/2025/03126,206376,PRASO PLATAFORMA,985,AGIS,4,NACOM GOYA - CD,2804577,5757.21,2025-12-15 17:00:52
19798,PAGIS/2025/01810,2025-10-02,70555.68,NF-e: 138627 Série: 1 - VND/2025/03124,88315,PRASO DIST,985,AGIS,4,NACOM GOYA - CD,2804573,70555.68,2025-12-15 17:00:48
19796,PAGIS/2025/01808,2025-10-02,34332.57,NF-e: 138571 Série: 1 - VND/2025/03089,87564,ENCOPEL COMERCIO DE EMBALAGENS E DESCARTAVEIS,985,AGIS,4,NACOM GOYA - CD,2804569,34332.57,2025-12-15 17:00:44
19794,PAGIS/2025/01806,2025-10-01,1217.18,NF-e: 139226 Série: 1 - VND/2025/03213,98848,SUP NOVA JERUSALEM,985,AGIS,4,NACOM GOYA - CD,2804565,1217.18,2025-12-15 17:00:39
19792,PAGIS/2025/01804,2025-10-01,3379.9,NF-e: 138764 Série: 1 - VND/2025/03205,88011,JF FOOD SERVICE,985,AGIS,4,NACOM GOYA - CD,2804561,3379.9,2025-12-15 17:00:35
19790,PAGIS/2025/01802,2025-10-01,2279.37,NF-e: 138975 Série: 1 - VND/2025/03032,87146,COMERCIAL VAREJAO,985,AGIS,4,NACOM GOYA - CD,2804557,2279.37,2025-12-15 17:00:31
19788,PAGIS/2025/01800,2025-10-01,3652.4,NF-e: 138761 Série: 1 - VND/2025/03221,207759,KEISON PEREIRA OLIVEIRA SANTOS,985,AGIS,4,NACOM GOYA - CD,2804553,3652.4,2025-12-15 17:00:27
19786,PAGIS/2025/01798,2025-10-01,3782.42,NF-e: 138771 Série: 1 - VND/2025/03227,207759,KEISON PEREIRA OLIVEIRA SANTOS,985,AGIS,4,NACOM GOYA - CD,2804549,3782.42,2025-12-15 17:00:24
19784,PAGIS/2025/01796,2025-10-01,3240.16,NF-e: 138779 Série: 1 - VND/2025/03223,86070,SIMAO FESTA,985,AGIS,4,NACOM GOYA - CD,2804545,3240.16,2025-12-15 17:00:20
19782,PAGIS/2025/01794,2025-10-01,5744.29,NF-e: 138858 Série: 1 - VND/2025/03279,88250,CAMPINAS ATACADISTA,985,AGIS,4,NACOM GOYA - CD,2804541,5744.29,2025-12-15 17:00:16
19780,PAGIS/2025/01792,2025-10-01,1091.56,NF-e: 138859 Série: 1 - VND/2025/03280,88250,CAMPINAS ATACADISTA,985,AGIS,4,NACOM GOYA - CD,2804537,1091.56,2025-12-15 17:00:13
19778,PAGIS/2025/01790,2025-10-01,5803.5,NF-e: 138751 Série: 1 - VND/2025/03218,205783,PHD DIST,985,AGIS,4,NACOM GOYA - CD,2804533,5803.5,2025-12-15 17:00:09
19776,PAGIS/2025/01788,2025-10-01,2335.78,NF-e: 138579 Série: 1 - VND/2025/03095,87562,EMBALE,985,AGIS,4,NACOM GOYA - CD,2804529,2335.78,2025-12-15 17:00:06
19774,PAGIS/2025/01786,2025-09-30,7823.12,NF-e: 138924 Série: 1 - VND/2025/02990,87817,FRIALY,985,AGIS,4,NACOM GOYA - CD,2804525,7823.12,2025-12-15 17:00:03
19772,PAGIS/2025/01784,2025-09-30,31552.24,NF-e: 138976 Série: 1 - VND/2025/03011,207979,DILETTARE ATACADO LTDA,985,AGIS,4,NACOM GOYA - CD,2804521,31552.24,2025-12-15 17:00:00
19770,PAGIS/2025/01782,2025-09-30,3559.32,NF-e: 138978 Série: 1 - VND/2025/03023,204632,CB CONCEITO BH,985,AGIS,4,NACOM GOYA - CD,2804517,3559.32,2025-12-15 16:59:57
19768,PAGIS/2025/01780,2025-09-30,6266.72,NF-e: 138980 Série: 1 - VND/2025/03033,204071,REDE DILETTARE,985,AGIS,4,NACOM GOYA - CD,2804513,6266.72,2025-12-15 16:59:53
19766,PAGIS/2025/01778,2025-09-30,1550.56,NF-e: 138488 Série: 1 - VND/2025/03028,86010,TRILIX DIST,985,AGIS,4,NACOM GOYA - CD,2804509,1550.56,2025-12-15 16:59:48
19764,PAGIS/2025/01776,2025-09-30,1195.59,NF-e: 138757 Série: 1 - VND/2025/03212,86817,MISTER PIZZA,985,AGIS,4,NACOM GOYA - CD,2804505,1195.59,2025-12-15 16:59:45
19762,PAGIS/2025/01774,2025-09-30,12369.8,NF-e: 138787 Série: 1 - VND/2025/03235,87640,COLINA,985,AGIS,4,NACOM GOYA - CD,2804501,12369.8,2025-12-15 16:59:42
19760,PAGIS/2025/01772,2025-09-30,3436.73,NF-e: 138875 Série: 1 - VND/2025/03299,205739,LENISA DISTRIBUIDORA LTDA,985,AGIS,4,NACOM GOYA - CD,2804497,3436.73,2025-12-15 16:59:39
19758,PAGIS/2025/01770,2025-09-30,15840.1,NF-e: 138883 Série: 1 - VND/2025/03306,88325,MEZZANI,985,AGIS,4,NACOM GOYA - CD,2804493,15840.1,2025-12-15 16:59:36
19756,PAGIS/2025/01768,2025-09-30,2324.5,NF-e: 138904 Série: 1 - VND/2025/02977,98642,BAGATTOLI,985,AGIS,4,NACOM GOYA - CD,2804489,2324.5,2025-12-15 16:59:33
19754,PAGIS/2025/01766,2025-09-30,3708.11,NF-e: 138905 Série: 1 - VND/2025/02978,206216,COMERCIAL DE ALIMENTOS NUTRIVIP DO BRASIL LTDA,985,AGIS,4,NACOM GOYA - CD,2804485,3708.11,2025-12-15 16:59:30
19752,PAGIS/2025/01764,2025-09-30,75213.04,NF-e: 138746 Série: 1 - VND/2025/03204,205015,RFG COMERCIO - SUBWAY,985,AGIS,4,NACOM GOYA - CD,2804481,75213.04,2025-12-15 16:59:27
19750,PAGIS/2025/01762,2025-09-30,2871.51,NF-e: 138735 Série: 1 - VND/2025/03195,86716,FAGOTTI,985,AGIS,4,NACOM GOYA - CD,2804477,2871.51,2025-12-15 16:59:22
19748,PAGIS/2025/01760,2025-09-30,15726.9,NF-e: 138522 Série: 1 - VND/2025/03054,88609,MESASUL,985,AGIS,4,NACOM GOYA - CD,2804473,15726.9,2025-12-15 16:59:19
19746,PAGIS/2025/01758,2025-09-29,1924.83,NF-e: 138606 Série: 1 - VND/2025/03113,202712,PLURAL DISTRIBUIDORA DE ALIMENTOS,985,AGIS,4,NACOM GOYA - CD,2804469,1924.83,2025-12-15 16:59:15
19744,PAGIS/2025/01756,2025-09-29,2537.1,NF-e: 138885 Série: 1 - VND/2025/03307,87575,DISKPAN,985,AGIS,4,NACOM GOYA - CD,2804465,2537.1,2025-12-15 16:59:13
19742,PAGIS/2025/01754,2025-09-29,7942.67,NF-e: 138912 Série: 1 - VND/2025/02985,87476,DML COMERCIO,985,AGIS,4,NACOM GOYA - CD,2804461,7942.67,2025-12-15 16:59:10
19740,PAGIS/2025/01752,2025-09-29,4973.5,NF-e: 138930 Série: 1 - VND/2025/02993,88303,R A SERVICOS,985,AGIS,4,NACOM GOYA - CD,2804457,4973.5,2025-12-15 16:59:07
19738,PAGIS/2025/01750,2025-09-29,9413.44,NF-e: 138669 Série: 1 - VND/2025/03158,88273,RIO DE CONTAS ATAC,985,AGIS,4,NACOM GOYA - CD,2804453,9413.44,2025-12-15 16:59:03
19736,PAGIS/2025/01748,2025-09-29,4535.48,NF-e: 138549 Série: 1 - VND/2025/03075,204044,DIST MACROPACK,985,AGIS,4,NACOM GOYA - CD,2804449,4535.48,2025-12-15 16:58:59
19733,PAGIS/2025/01746,2025-09-29,5179.7,NF-e: 138542 Série: 1 - VND/2025/03072,87756,GALETOS DIST,985,AGIS,4,NACOM GOYA - CD,2804445,5179.7,2025-12-15 16:58:54
19732,PAGIS/2025/01744,2025-09-27,111883.28,NF-e: 136868 Série: 1 - VND/2025/01894,98894,GRAND MARCA DISTRIBUIDORA LTDA,985,AGIS,4,NACOM GOYA - CD,2804441,111883.28,2025-12-15 16:58:51
19730,PAGIS/2025/01742,2025-09-26,2007.7,NF-e: 139072 Série: 1 - VND/2025/03091,88325,MEZZANI,985,AGIS,4,NACOM GOYA - CD,2804437,2007.7,2025-12-15 16:58:48
19728,PAGIS/2025/01740,2025-09-26,14449.89,NF-e: 138876 Série: 1 - VND/2025/03300,88163,AMORIX,985,AGIS,4,NACOM GOYA - CD,2804433,14449.89,2025-12-15 16:58:45
19726,PAGIS/2025/01738,2025-09-26,16008.3,NF-e: 138755 Série: 1 - VND/2025/03214,203957,KALBIR,985,AGIS,4,NACOM GOYA - CD,2804429,16008.3,2025-12-15 16:58:42
19723,PAGIS/2025/01736,2025-09-26,18720.6,NF-e: 138753 Série: 1 - VND/2025/03216,86088,CARLOS S CARVALHO,985,AGIS,4,NACOM GOYA - CD,2804423,18720.6,2025-12-15 16:58:38
19722,PAGIS/2025/01734,2025-09-26,2424.59,NF-e: 138541 Série: 1 - VND/2025/03071,87188,O FERMENTEIRO,985,AGIS,4,NACOM GOYA - CD,2804421,2424.59,2025-12-15 16:58:35
19720,PAGIS/2025/01732,2025-09-26,2854.61,NF-e: 137796 Série: 1 - VND/2025/02524,87771,LEAL FESTASE EMB,985,AGIS,4,NACOM GOYA - CD,2804417,2854.61,2025-12-15 16:58:30
19718,PAGIS/2025/01730,2025-09-25,1092.73,NF-e: 138625 Série: 1 - VND/2025/03122,88027,RIOS ATACAREJO,985,AGIS,4,NACOM GOYA - CD,2804413,1092.73,2025-12-15 16:58:27
19716,PAGIS/2025/01728,2025-09-25,3619.87,NF-e: 138754 Série: 1 - VND/2025/03215,87922,COCO BAMBU TERESINA,985,AGIS,4,NACOM GOYA - CD,2804409,3619.87,2025-12-15 16:58:24
19714,PAGIS/2025/01726,2025-09-25,1333.49,NF-e: 138829 Série: 1 - VND/2025/03259,205596,GABEE FOODS,985,AGIS,4,NACOM GOYA - CD,2804405,1333.49,2025-12-15 16:58:21
19712,PAGIS/2025/01724,2025-09-25,7358.69,NF-e: 138841 Série: 1 - VND/2025/03266,87329,STRUMPF,985,AGIS,4,NACOM GOYA - CD,2804401,7358.69,2025-12-15 16:58:18
19710,PAGIS/2025/01722,2025-09-25,6103.82,NF-e: 138842 Série: 1 - VND/2025/03267,85984,SERVE MAIS,985,AGIS,4,NACOM GOYA - CD,2804397,6103.82,2025-12-15 16:58:14
19708,PAGIS/2025/01720,2025-09-25,1967.65,NF-e: 138853 Série: 1 - VND/2025/03275,206155,CASA DE CARNES TOP BEEF,985,AGIS,4,NACOM GOYA - CD,2804393,1967.65,2025-12-15 16:58:11
19706,PAGIS/2025/01718,2025-09-25,1852.5,NF-e: 138861 Série: 1 - VND/2025/03283,205622,VOVÓ DE ATACADO,985,AGIS,4,NACOM GOYA - CD,2804389,1852.5,2025-12-15 16:58:08
19704,PAGIS/2025/01716,2025-09-25,2853.18,NF-e: 138864 Série: 1 - VND/2025/03288,202696,PANIPAO DISTRIBUIDORA,985,AGIS,4,NACOM GOYA - CD,2804385,2853.18,2025-12-15 16:58:05
19702,PAGIS/2025/01714,2025-09-25,3615.69,NF-e: 138871 Série: 1 - VND/2025/03295,205772,BATATAS DIPZ - FILIAL,985,AGIS,4,NACOM GOYA - CD,2804381,3615.69,2025-12-15 16:58:02
19700,PAGIS/2025/01712,2025-09-25,34332.57,NF-e: 138571 Série: 1 - VND/2025/03089,87564,ENCOPEL COMERCIO DE EMBALAGENS E DESCARTAVEIS,985,AGIS,4,NACOM GOYA - CD,2804377,34332.57,2025-12-15 16:57:59
19698,PAGIS/2025/01710,2025-09-24,1477.35,NF-e: 138575 Série: 1 - VND/2025/03093,86640,BIG DISTRIBUIDORA DE PRODUTOS ALIMENTICIOS,985,AGIS,4,NACOM GOYA - CD,2804373,1477.35,2025-12-15 16:57:56
19696,PAGIS/2025/01708,2025-09-24,2803.08,NF-e: 138748 Série: 1 - VND/2025/03210,87068,PLANT CHOICE,985,AGIS,4,NACOM GOYA - CD,2804369,2803.08,2025-12-15 16:57:53
19694,PAGIS/2025/01706,2025-09-24,1633.85,NF-e: 138749 Série: 1 - VND/2025/03220,86407,QUALY LIBERDADE,985,AGIS,4,NACOM GOYA - CD,2804365,1633.85,2025-12-15 16:57:50
19692,PAGIS/2025/01704,2025-09-24,5008.71,NF-e: 138750 Série: 1 - VND/2025/03219,205717,ARTPAN,985,AGIS,4,NACOM GOYA - CD,2804361,5008.71,2025-12-15 16:57:47
19690,PAGIS/2025/01702,2025-09-24,3652.4,NF-e: 138761 Série: 1 - VND/2025/03221,207759,KEISON PEREIRA OLIVEIRA SANTOS,985,AGIS,4,NACOM GOYA - CD,2804357,3652.4,2025-12-15 16:57:44
19688,PAGIS/2025/01700,2025-09-24,3782.42,NF-e: 138771 Série: 1 - VND/2025/03227,207759,KEISON PEREIRA OLIVEIRA SANTOS,985,AGIS,4,NACOM GOYA - CD,2804353,3782.42,2025-12-15 16:57:41
19686,PAGIS/2025/01698,2025-09-24,3240.16,NF-e: 138779 Série: 1 - VND/2025/03223,86070,SIMAO FESTA,985,AGIS,4,NACOM GOYA - CD,2804349,3240.16,2025-12-15 16:57:37
19684,PAGIS/2025/01696,2025-09-24,2673.66,NF-e: 138792 Série: 1 - VND/2025/03238,88363,LA BELLA,985,AGIS,4,NACOM GOYA - CD,2804345,2673.66,2025-12-15 16:57:33
19682,PAGIS/2025/01694,2025-09-24,9053.4,NF-e: 138793 Série: 1 - VND/2025/03239,87349,CONSUMA,985,AGIS,4,NACOM GOYA - CD,2804341,9053.4,2025-12-15 16:57:29
19680,PAGIS/2025/01692,2025-09-24,9448.57,NF-e: 138801 Série: 1 - VND/2025/03243,87572,SORPAN ALIMENTOS,985,AGIS,4,NACOM GOYA - CD,2804337,9448.57,2025-12-15 16:57:26
19678,PAGIS/2025/01690,2025-09-24,5297.2,NF-e: 138805 Série: 1 - VND/2025/03247,87329,STRUMPF,985,AGIS,4,NACOM GOYA - CD,2804333,5297.2,2025-12-15 16:57:22
19676,PAGIS/2025/01688,2025-09-24,5803.5,NF-e: 138751 Série: 1 - VND/2025/03218,205783,PHD DIST,985,AGIS,4,NACOM GOYA - CD,2804329,5803.5,2025-12-15 16:57:19
19674,PAGIS/2025/01686,2025-09-24,4052.8,NF-e: 138738 Série: 1 - VND/2025/03197,87376,PRIME FOOD SOLUTIONS,985,AGIS,4,NACOM GOYA - CD,2804325,4052.8,2025-12-15 16:57:16
19672,PAGIS/2025/01684,2025-09-24,3958.94,NF-e: 138592 Série: 1 - VND/2025/03104,86488,L & G ALIMENTOS DO BRASIL LTDA,985,AGIS,4,NACOM GOYA - CD,2804321,3958.94,2025-12-15 16:57:13
19670,PAGIS/2025/01682,2025-09-24,2335.07,NF-e: 138579 Série: 1 - VND/2025/03095,87562,EMBALE,985,AGIS,4,NACOM GOYA - CD,2804317,2335.07,2025-12-15 16:57:09
19668,PAGIS/2025/01680,2025-09-24,15741.39,NF-e: 138524 Série: 1 - VND/2025/03056,88172,PAGOTO,985,AGIS,4,NACOM GOYA - CD,2804313,15741.39,2025-12-15 16:57:05
19666,PAGIS/2025/01678,2025-09-23,3152.83,NF-e: 138944 Série: 1 - VND/2025/02996,87616,COCO BAMBU,985,AGIS,4,NACOM GOYA - CD,2804309,3152.83,2025-12-15 16:57:02
19664,PAGIS/2025/01676,2025-09-23,1550.56,NF-e: 138488 Série: 1 - VND/2025/03028,86010,TRILIX DIST,985,AGIS,4,NACOM GOYA - CD,2804305,1550.56,2025-12-15 16:56:58
19662,PAGIS/2025/01674,2025-09-23,1195.6,NF-e: 138756 Série: 1 - VND/2025/03213,86819,MISTER PIZZA,985,AGIS,4,NACOM GOYA - CD,2804301,1195.6,2025-12-15 16:56:54
19660,PAGIS/2025/01672,2025-09-23,1195.6,NF-e: 138757 Série: 1 - VND/2025/03212,86817,MISTER PIZZA,985,AGIS,4,NACOM GOYA - CD,2804297,1195.6,2025-12-15 16:56:52
19658,PAGIS/2025/01670,2025-09-23,2189.59,NF-e: 138874 Série: 1 - VND/2025/03298,87847,RIO BONITO,985,AGIS,4,NACOM GOYA - CD,2804293,2189.59,2025-12-15 16:56:47
19656,PAGIS/2025/01668,2025-09-23,15840.1,NF-e: 138883 Série: 1 - VND/2025/03306,88325,MEZZANI,985,AGIS,4,NACOM GOYA - CD,2804289,15840.1,2025-12-15 16:56:44
19654,PAGIS/2025/01666,2025-09-23,2871.51,NF-e: 138735 Série: 1 - VND/2025/03195,86716,FAGOTTI,985,AGIS,4,NACOM GOYA - CD,2804285,2871.51,2025-12-15 16:56:40
19652,PAGIS/2025/01664,2025-09-23,4381.05,NF-e: 138734 Série: 1 - VND/2025/03194,87755,NOVA EURO,985,AGIS,4,NACOM GOYA - CD,2804281,4381.05,2025-12-15 16:56:36
19650,PAGIS/2025/01662,2025-09-23,5394.32,NF-e: 138721 Série: 1 - VND/2025/03182,87045,GIOVANNA CONGELADOS,985,AGIS,4,NACOM GOYA - CD,2804277,5394.32,2025-12-15 16:56:34
19648,PAGIS/2025/01660,2025-09-23,5300.64,NF-e: 138566 Série: 1 - VND/2025/03083,88011,JF FOOD SERVICE,985,AGIS,4,NACOM GOYA - CD,2804273,5300.64,2025-12-15 16:56:30
19646,PAGIS/2025/01658,2025-09-23,5616.0,NF-e: 138565 Série: 1 - VND/2025/03084,204643,CAMARADA ADM DE REST,985,AGIS,4,NACOM GOYA - CD,2804269,5616.0,2025-12-15 16:56:28
19644,PAGIS/2025/01656,2025-09-23,5575.08,NF-e: 138543 Série: 1 - VND/2025/03073,86541,REDE BARRACAO,985,AGIS,4,NACOM GOYA - CD,2804265,5575.08,2025-12-15 16:56:25
19642,PAGIS/2025/01654,2025-09-23,15726.9,NF-e: 138522 Série: 1 - VND/2025/03054,88609,MESASUL,985,AGIS,4,NACOM GOYA - CD,2804261,15726.9,2025-12-15 16:56:20
19640,PAGIS/2025/01652,2025-09-22,10218.0,NF-e: 138661 Série: 1 - VND/2025/03152,88240,CHIABAI,985,AGIS,4,NACOM GOYA - CD,2804257,10218.0,2025-12-15 16:56:18
19638,PAGIS/2025/01650,2025-09-22,10900.5,NF-e: 137723 Série: 1 - VND/2025/02481,87950,BOURBON,985,AGIS,4,NACOM GOYA - CD,2804253,10900.5,2025-12-15 16:56:13
19636,PAGIS/2025/01648,2025-09-19,2853.74,NF-e: 137796 Série: 1 - VND/2025/02524,87771,LEAL FESTASE EMB,985,AGIS,4,NACOM GOYA - CD,2804249,2853.74,2025-12-15 16:56:10
19628,PAGIS/2025/01640,2025-09-19,3396.14,NF-e: 137547 Série: 1 - VND/2025/02372,87852,DIST PARATY,985,AGIS,4,NACOM GOYA - CD,2804233,3396.14,2025-12-15 16:55:54
19626,PAGIS/2025/01638,2025-09-18,10557.0,NF-e: 137952 Série: 1 - VND/2025/02637,87617,CDI BARRA,985,AGIS,4,NACOM GOYA - CD,2804229,10557.0,2025-12-15 16:55:51
19624,PAGIS/2025/01636,2025-09-18,44663.64,NF-e: 137955 Série: 1 - VND/2025/02640,88004,LAREDO FOOD,985,AGIS,4,NACOM GOYA - CD,2804225,44663.64,2025-12-15 16:55:48
19622,PAGIS/2025/01634,2025-09-17,1477.35,NF-e: 138575 Série: 1 - VND/2025/03093,86640,BIG DISTRIBUIDORA DE PRODUTOS ALIMENTICIOS,985,AGIS,4,NACOM GOYA - CD,2804221,1477.35,2025-12-15 16:55:43
19620,PAGIS/2025/01632,2025-09-17,5803.5,NF-e: 138751 Série: 1 - VND/2025/03218,205783,PHD DIST,985,AGIS,4,NACOM GOYA - CD,2804217,5803.5,2025-12-15 16:55:40
19618,PAGIS/2025/01630,2025-09-17,5270.0,NF-e: 138609 Série: 1 - VND/2025/03116,87027,PRONI E SUZUKI ALIME,985,AGIS,4,NACOM GOYA - CD,2804213,5270.0,2025-12-15 16:55:37
19616,PAGIS/2025/01628,2025-09-17,3958.94,NF-e: 138592 Série: 1 - VND/2025/03104,86488,L & G ALIMENTOS DO BRASIL LTDA,985,AGIS,4,NACOM GOYA - CD,2804209,3958.94,2025-12-15 16:55:33
19614,PAGIS/2025/01626,2025-09-17,2335.07,NF-e: 138579 Série: 1 - VND/2025/03095,87562,EMBALE,985,AGIS,4,NACOM GOYA - CD,2804205,2335.07,2025-12-15 16:55:29
19612,PAGIS/2025/01624,2025-09-17,3925.8,NF-e: 138574 Série: 1 - VND/2025/03092,207909,DONNA PIZZAS,985,AGIS,4,NACOM GOYA - CD,2804201,3925.8,2025-12-15 16:55:27
19610,PAGIS/2025/01622,2025-09-17,1791.45,NF-e: 137831 Série: 1 - VND/2025/02547,86971,SANTA CLARA,985,AGIS,4,NACOM GOYA - CD,2804197,1791.45,2025-12-15 16:55:23
19606,PAGIS/2025/01618,2025-09-17,13527.71,NF-e: 137536 Série: 1 - VND/2025/02366,87973,CELESTE,985,AGIS,4,NACOM GOYA - CD,2804189,13527.71,2025-12-15 16:55:14
19604,PAGIS/2025/01616,2025-09-17,111916.84,NF-e: 136868 Série: 1 - VND/2025/01894,98894,GRAND MARCA DISTRIBUIDORA LTDA,985,AGIS,4,NACOM GOYA - CD,2804185,111916.84,2025-12-15 16:55:10
19602,PAGIS/2025/01614,2025-09-17,4142.24,NF-e: 136663 Série: 1 - VND/2025/01782,87795,QUEIROZ,985,AGIS,4,NACOM GOYA - CD,2804181,4142.24,2025-12-15 16:55:08
19600,PAGIS/2025/01612,2025-09-16,13366.24,NF-e: 138531 Série: 1 - VND/2025/03062,208005,AGILE CORP,985,AGIS,4,NACOM GOYA - CD,2804177,13366.24,2025-12-15 16:55:03
19598,PAGIS/2025/01610,2025-09-16,21513.75,NF-e: 138525 Série: 1 - VND/2025/03057,98932,MILANO-NOGUEIRAS,985,AGIS,4,NACOM GOYA - CD,2804173,21513.75,2025-12-15 16:55:00
19596,PAGIS/2025/01608,2025-09-16,21322.4,NF-e: 137888 Série: 1 - VND/2025/02591,88375,CADAN,985,AGIS,4,NACOM GOYA - CD,2804169,21322.4,2025-12-15 16:54:56
19594,PAGIS/2025/01606,2025-09-16,4152.17,NF-e: 137616 Série: 1 - VND/2025/02415,206959,CAMPO REAL ATACADO,985,AGIS,4,NACOM GOYA - CD,2804165,4152.17,2025-12-15 16:54:51
19591,PAGIS/2025/01604,2025-09-15,8095.43,NF-e: 138482 Série: 1 - VND/2025/03023,207986,SILVA ATACADO,985,AGIS,4,NACOM GOYA - CD,2804159,8095.43,2025-12-15 16:54:47
19590,PAGIS/2025/01602,2025-09-15,10557.0,NF-e: 137811 Série: 1 - VND/2025/02533,87617,CDI BARRA,985,AGIS,4,NACOM GOYA - CD,2804157,10557.0,2025-12-15 16:54:44
19588,PAGIS/2025/01600,2025-09-15,3472.72,NF-e: 137953 Série: 1 - VND/2025/02638,207913,S T DISTIRBUIDORA,985,AGIS,4,NACOM GOYA - CD,2804153,3472.72,2025-12-15 16:54:41
19586,PAGIS/2025/01598,2025-09-15,63214.24,NF-e: 136098 Série: 1 - VND/2025/01396,88639,UNIAGRO,985,AGIS,4,NACOM GOYA - CD,2804149,63214.24,2025-12-15 16:54:37
19584,PAGIS/2025/01596,2025-09-12,1509.7,NF-e: 138407 Série: 1 - VND/2025/02964,98653,PROSADI,985,AGIS,4,NACOM GOYA - CD,2804145,1509.7,2025-12-15 16:54:35
19582,PAGIS/2025/01594,2025-09-12,3396.13,NF-e: 137547 Série: 1 - VND/2025/02372,87852,DIST PARATY,985,AGIS,4,NACOM GOYA - CD,2804141,3396.13,2025-12-15 16:54:31
19580,PAGIS/2025/01592,2025-09-12,9869.3,NF-e: 137588 Série: 1 - VND/2025/02393,207014,SOMA DISTRIBUICAO,985,AGIS,4,NACOM GOYA - CD,2804137,9869.3,2025-12-15 16:54:28
19578,PAGIS/2025/01590,2025-09-12,18751.57,NF-e: 137435 Série: 1 - VND/2025/02293,87578,REDE PAJEU,985,AGIS,4,NACOM GOYA - CD,2804133,18751.57,2025-12-15 16:54:24
19576,PAGIS/2025/01588,2025-09-11,1236.02,NF-e: 138124 Série: 1 - VND/2025/02766,100355,COSTA ATACADAO,985,AGIS,4,NACOM GOYA - CD,2804129,1236.02,2025-12-15 16:54:22
19574,PAGIS/2025/01586,2025-09-11,1879.88,NF-e: 138133 Série: 1 - VND/2025/02770,205936,COSTA ATACADO,985,AGIS,4,NACOM GOYA - CD,2804125,1879.88,2025-12-15 16:54:18
19572,PAGIS/2025/01584,2025-09-11,1146.96,NF-e: 138135 Série: 1 - VND/2025/02771,87375,BASE ATACADO,985,AGIS,4,NACOM GOYA - CD,2804121,1146.96,2025-12-15 16:54:15
19570,PAGIS/2025/01582,2025-09-11,1241.67,NF-e: 138139 Série: 1 - VND/2025/02773,88175,BASE ATACADO,985,AGIS,4,NACOM GOYA - CD,2804117,1241.67,2025-12-15 16:54:12
19568,PAGIS/2025/01580,2025-09-11,1162.67,NF-e: 138144 Série: 1 - VND/2025/02775,202421,BASE ATACADO,985,AGIS,4,NACOM GOYA - CD,2804113,1162.67,2025-12-15 16:54:09
19566,PAGIS/2025/01578,2025-09-11,2321.86,NF-e: 138141 Série: 1 - VND/2025/02774,88174,BASE ATACADO,985,AGIS,4,NACOM GOYA - CD,2804109,2321.86,2025-12-15 16:54:07
19564,PAGIS/2025/01576,2025-09-11,2461.34,NF-e: 138131 Série: 1 - VND/2025/02769,88178,BASE ATACADO,985,AGIS,4,NACOM GOYA - CD,2804105,2461.34,2025-12-15 16:54:03
19562,PAGIS/2025/01574,2025-09-11,2313.36,NF-e: 138120 Série: 1 - VND/2025/02762,100351,COSTA ATACADAO,985,AGIS,4,NACOM GOYA - CD,2804101,2313.36,2025-12-15 16:54:00
19560,PAGIS/2025/01572,2025-09-11,2875.5,NF-e: 137736 Série: 1 - VND/2025/02487,207844,SAM FRIOS,985,AGIS,4,NACOM GOYA - CD,2804097,2875.5,2025-12-15 16:53:56
19558,PAGIS/2025/01570,2025-09-11,4498.86,NF-e: 137873 Série: 1 - VND/2025/02581,206376,PRASO PLATAFORMA,985,AGIS,4,NACOM GOYA - CD,2804093,4498.86,2025-12-15 16:53:53
19556,PAGIS/2025/01568,2025-09-11,3341.66,NF-e: 137881 Série: 1 - VND/2025/02587,87745,SANNA,985,AGIS,4,NACOM GOYA - CD,2804089,3341.66,2025-12-15 16:53:49
19554,PAGIS/2025/01566,2025-09-10,1236.25,NF-e: 138283 Série: 1 - VND/2025/02864,207909,DONNA PIZZAS,985,AGIS,4,NACOM GOYA - CD,2804083,1236.25,2025-12-15 16:53:46
19552,PAGIS/2025/01564,2025-09-10,1787.96,NF-e: 138583 Série: 1 - VND/2025/03097,88358,COCO BAMBU,985,AGIS,4,NACOM GOYA - CD,2804079,1787.96,2025-12-15 16:53:43
19550,PAGIS/2025/01562,2025-09-10,3958.94,NF-e: 138592 Série: 1 - VND/2025/03104,86488,L & G ALIMENTOS DO BRASIL LTDA,985,AGIS,4,NACOM GOYA - CD,2804075,3958.94,2025-12-15 16:53:39
19548,PAGIS/2025/01560,2025-09-10,1791.44,NF-e: 137831 Série: 1 - VND/2025/02547,86971,SANTA CLARA,985,AGIS,4,NACOM GOYA - CD,2804071,1791.44,2025-12-15 16:53:35
19546,PAGIS/2025/01558,2025-09-10,8611.91,NF-e: 137433 Série: 1 - VND/2025/02292,87188,O FERMENTEIRO,985,AGIS,4,NACOM GOYA - CD,2804067,8611.91,2025-12-15 16:53:32
19544,PAGIS/2025/01556,2025-09-10,13523.65,NF-e: 137536 Série: 1 - VND/2025/02366,87973,CELESTE,985,AGIS,4,NACOM GOYA - CD,2804063,13523.65,2025-12-15 16:53:27
19542,PAGIS/2025/01554,2025-09-10,4142.25,NF-e: 136663 Série: 1 - VND/2025/01782,87795,QUEIROZ,985,AGIS,4,NACOM GOYA - CD,2804057,4142.25,2025-12-15 16:53:23
19540,PAGIS/2025/01552,2025-09-09,2204.38,NF-e: 137745 Série: 1 - VND/2025/02496,88247,PAO DOURADO,985,AGIS,4,NACOM GOYA - CD,2804053,2204.38,2025-12-15 16:53:21
19538,PAGIS/2025/01550,2025-09-09,7724.08,NF-e: 137749 Série: 1 - VND/2025/02500,87841,COMAL,985,AGIS,4,NACOM GOYA - CD,2804049,7724.08,2025-12-15 16:53:16
19536,PAGIS/2025/01548,2025-09-09,2836.96,NF-e: 137784 Série: 1 - VND/2025/02517,206376,PRASO PLATAFORMA,985,AGIS,4,NACOM GOYA - CD,2804045,2836.96,2025-12-15 16:53:13
19534,PAGIS/2025/01546,2025-09-09,1967.1,NF-e: 137890 Série: 1 - VND/2025/02593,207910,VASTO - FORTALEZA,985,AGIS,4,NACOM GOYA - CD,2804041,1967.1,2025-12-15 16:53:10
19532,PAGIS/2025/01544,2025-09-09,23551.56,NF-e: 137901 Série: 1 - VND/2025/02598,206702,WILSO DISTRIBUIDOR,985,AGIS,4,NACOM GOYA - CD,2804037,23551.56,2025-12-15 16:53:08
19530,PAGIS/2025/01542,2025-09-09,18765.6,NF-e: 137903 Série: 1 - VND/2025/02599,87614,ZANEPAN,985,AGIS,4,NACOM GOYA - CD,2804033,18765.6,2025-12-15 16:53:05
19528,PAGIS/2025/01540,2025-09-09,4192.3,NF-e: 137958 Série: 1 - VND/2025/02641,86488,L & G ALIMENTOS DO BRASIL LTDA,985,AGIS,4,NACOM GOYA - CD,2804029,4192.3,2025-12-15 16:53:01
19526,PAGIS/2025/01538,2025-09-09,2082.59,NF-e: 137600 Série: 1 - VND/2025/02404,88027,RIOS ATACAREJO,985,AGIS,4,NACOM GOYA - CD,2804025,2082.59,2025-12-15 16:52:56
19524,PAGIS/2025/01536,2025-09-09,6128.7,NF-e: 137614 Série: 1 - VND/2025/02414,86885,CAAPUA DIST,985,AGIS,4,NACOM GOYA - CD,2804019,6128.7,2025-12-15 16:52:53
19522,PAGIS/2025/01534,2025-09-09,15482.96,NF-e: 137752 Série: 1 - VND/2025/02503,87572,SORPAN ALIMENTOS,985,AGIS,4,NACOM GOYA - CD,2804015,15482.96,2025-12-15 16:52:50
19520,PAGIS/2025/01532,2025-09-09,10778.87,NF-e: 137774 Série: 1 - VND/2025/02512,207858,DISPAN,985,AGIS,4,NACOM GOYA - CD,2804011,10778.87,2025-12-15 16:52:45
19518,PAGIS/2025/01530,2025-09-09,21496.7,NF-e: 137783 Série: 1 - VND/2025/02516,88315,PRASO DIST,985,AGIS,4,NACOM GOYA - CD,2804007,21496.7,2025-12-15 16:52:43
19516,PAGIS/2025/01528,2025-09-09,2599.13,NF-e: 137430 Série: 1 - VND/2025/02291,205331,COMERCIAL CANAA,985,AGIS,4,NACOM GOYA - CD,2804003,2599.13,2025-12-15 16:52:40
19514,PAGIS/2025/01526,2025-09-09,9657.84,NF-e: 137532 Série: 1 - VND/2025/02363,87763,COMERCIAL PROLAC,985,AGIS,4,NACOM GOYA - CD,2803999,9657.84,2025-12-15 16:52:35
19512,PAGIS/2025/01524,2025-09-08,2407.59,NF-e: 138083 Série: 1 - VND/2025/02732,87435,MERCATO EXPRESS,985,AGIS,4,NACOM GOYA - CD,2803995,2407.59,2025-12-15 16:52:32
19510,PAGIS/2025/01522,2025-09-08,3471.67,NF-e: 137953 Série: 1 - VND/2025/02638,207913,S T DISTIRBUIDORA,985,AGIS,4,NACOM GOYA - CD,2803991,3471.67,2025-12-15 16:52:29
19508,PAGIS/2025/01520,2025-09-08,1273.66,NF-e: 137706 Série: 1 - VND/2025/02466,207762,GAB ATACADISTA,985,AGIS,4,NACOM GOYA - CD,2803987,1273.66,2025-12-15 16:52:26
19506,PAGIS/2025/01518,2025-09-07,2462.51,NF-e: 137710 Série: 1 - VND/2025/02471,207847,CASA DAS FARINHAS,985,AGIS,4,NACOM GOYA - CD,2803981,2462.51,2025-12-15 16:52:21
19504,PAGIS/2025/01516,2025-09-05,5449.22,NF-e: 137940 Série: 1 - VND/2025/02626,98857,SUPERMERCADOS PERIM,985,AGIS,4,NACOM GOYA - CD,2803977,5449.22,2025-12-15 16:52:18
19502,PAGIS/2025/01514,2025-09-05,7972.46,NF-e: 137946 Série: 1 - VND/2025/02632,88189,SUPERMERCADOS PERIM,985,AGIS,4,NACOM GOYA - CD,2803973,7972.46,2025-12-15 16:52:13
19500,PAGIS/2025/01512,2025-09-05,3396.13,NF-e: 137547 Série: 1 - VND/2025/02372,87852,DIST PARATY,985,AGIS,4,NACOM GOYA - CD,2803969,3396.13,2025-12-15 16:52:10
19498,PAGIS/2025/01510,2025-09-05,1572.45,NF-e: 137581 Série: 1 - VND/2025/02385,202712,PLURAL DISTRIBUIDORA DE ALIMENTOS,985,AGIS,4,NACOM GOYA - CD,2803965,1572.45,2025-12-15 16:52:07
19496,PAGIS/2025/01508,2025-09-05,9866.35,NF-e: 137588 Série: 1 - VND/2025/02393,207014,SOMA DISTRIBUICAO,985,AGIS,4,NACOM GOYA - CD,2803961,9866.35,2025-12-15 16:52:04
19494,PAGIS/2025/01506,2025-09-05,10896.2,NF-e: 137589 Série: 1 - VND/2025/02392,87640,COLINA,985,AGIS,4,NACOM GOYA - CD,2803957,10896.2,2025-12-15 16:52:00
19492,PAGIS/2025/01504,2025-09-05,29954.53,NF-e: 136949 Série: 1 - VND/2025/01953,88123,DIST ALFA,985,AGIS,4,NACOM GOYA - CD,2803947,29954.53,2025-12-15 16:51:56
19490,PAGIS/2025/01502,2025-09-04,2875.5,NF-e: 137736 Série: 1 - VND/2025/02487,207844,SAM FRIOS,985,AGIS,4,NACOM GOYA - CD,2803943,2875.5,2025-12-15 16:51:53
19488,PAGIS/2025/01500,2025-09-04,3340.67,NF-e: 137881 Série: 1 - VND/2025/02587,87745,SANNA,985,AGIS,4,NACOM GOYA - CD,2803939,3340.67,2025-12-15 16:51:49
19486,PAGIS/2025/01498,2025-09-04,6376.51,NF-e: 137891 Série: 1 - VND/2025/02590,87341,PIZZARIA AMERICA,985,AGIS,4,NACOM GOYA - CD,2803935,6376.51,2025-12-15 16:51:46
19484,PAGIS/2025/01496,2025-09-04,1034.14,NF-e: 137593 Série: 1 - VND/2025/02403,206180,SUPERMERCADO MIX,985,AGIS,4,NACOM GOYA - CD,2803929,1034.14,2025-12-15 16:51:43
19482,PAGIS/2025/01494,2025-09-04,1058.69,NF-e: 137625 Série: 1 - VND/2025/02417,86040,SOLUCAO,985,AGIS,4,NACOM GOYA - CD,2803925,1058.69,2025-12-15 16:51:39
19480,PAGIS/2025/01492,2025-09-03,1791.44,NF-e: 137831 Série: 1 - VND/2025/02547,86971,SANTA CLARA,985,AGIS,4,NACOM GOYA - CD,2803921,1791.44,2025-12-15 16:51:35
19478,PAGIS/2025/01490,2025-09-03,3125.32,NF-e: 137579 Série: 1 - VND/2025/02387,88082,REDE TIO LEO,985,AGIS,4,NACOM GOYA - CD,2803917,3125.32,2025-12-15 16:51:31
19476,PAGIS/2025/01488,2025-09-03,1737.8,NF-e: 137583 Série: 1 - VND/2025/02390,87339,REDE TIO LEO,985,AGIS,4,NACOM GOYA - CD,2803913,1737.8,2025-12-15 16:51:27
19474,PAGIS/2025/01486,2025-09-03,3429.9,NF-e: 137584 Série: 1 - VND/2025/02391,88080,REDE TIO LEO,985,AGIS,4,NACOM GOYA - CD,2803909,3429.9,2025-12-15 16:51:23
19472,PAGIS/2025/01484,2025-09-03,3555.1,NF-e: 137585 Série: 1 - VND/2025/02389,88083,REDE TIO LEO,985,AGIS,4,NACOM GOYA - CD,2803905,3555.1,2025-12-15 16:51:19
19470,PAGIS/2025/01482,2025-09-03,1013.23,NF-e: 137596 Série: 1 - VND/2025/02400,98933,MAIS ALIMENTOS,985,AGIS,4,NACOM GOYA - CD,2803901,1013.23,2025-12-15 16:51:14
19468,PAGIS/2025/01480,2025-09-03,1717.68,NF-e: 137597 Série: 1 - VND/2025/02399,87964,EXTREMA DIST,985,AGIS,4,NACOM GOYA - CD,2803897,1717.68,2025-12-15 16:51:11
19466,PAGIS/2025/01478,2025-09-03,7889.43,NF-e: 137272 Série: 1 - VND/2025/02179,98802,COMERCIAL FAVORITA,985,AGIS,4,NACOM GOYA - CD,2803893,7889.43,2025-12-15 16:51:07
19464,PAGIS/2025/01476,2025-09-03,8609.32,NF-e: 137433 Série: 1 - VND/2025/02292,87188,O FERMENTEIRO,985,AGIS,4,NACOM GOYA - CD,2803889,8609.32,2025-12-15 16:51:03
19462,PAGIS/2025/01474,2025-09-03,13523.65,NF-e: 137536 Série: 1 - VND/2025/02366,87973,CELESTE,985,AGIS,4,NACOM GOYA - CD,2803883,13523.65,2025-12-15 16:50:57
19460,PAGIS/2025/01472,2025-09-03,5508.21,NF-e: 136485 Série: 1 - VND/2025/01649,206156,IDEAL ALIMENTOS,985,AGIS,4,NACOM GOYA - CD,2803879,5508.21,2025-12-15 16:50:54
19458,PAGIS/2025/01470,2025-09-02,4583.85,NF-e: 137730 Série: 1 - VND/2025/02485,88146,SAL E DOCE,985,AGIS,4,NACOM GOYA - CD,2803875,4583.85,2025-12-15 16:50:51
19456,PAGIS/2025/01468,2025-09-02,2204.37,NF-e: 137745 Série: 1 - VND/2025/02496,88247,PAO DOURADO,985,AGIS,4,NACOM GOYA - CD,2803871,2204.37,2025-12-15 16:50:48
19454,PAGIS/2025/01466,2025-09-02,7721.76,NF-e: 137749 Série: 1 - VND/2025/02500,87841,COMAL,985,AGIS,4,NACOM GOYA - CD,2803867,7721.76,2025-12-15 16:50:45
19452,PAGIS/2025/01464,2025-09-02,3744.0,NF-e: 137754 Série: 1 - VND/2025/02505,204643,CAMARADA ADM DE REST,985,AGIS,4,NACOM GOYA - CD,2803863,3744.0,2025-12-15 16:50:42
19450,PAGIS/2025/01462,2025-09-02,1075.78,NF-e: 137771 Série: 1 - VND/2025/02509,86523,C. D. P.,985,AGIS,4,NACOM GOYA - CD,2803859,1075.78,2025-12-15 16:50:38
19448,PAGIS/2025/01460,2025-09-02,6763.66,NF-e: 137876 Série: 1 - VND/2025/02583,207786,LV FOODS COMERCIO DE GENEROS ALIMENTICIOS,985,AGIS,4,NACOM GOYA - CD,2803855,6763.66,2025-12-15 16:50:35
19446,PAGIS/2025/01458,2025-09-02,4192.29,NF-e: 137958 Série: 1 - VND/2025/02641,86488,L & G ALIMENTOS DO BRASIL LTDA,985,AGIS,4,NACOM GOYA - CD,2803851,4192.29,2025-12-15 16:50:30
19444,PAGIS/2025/01456,2025-09-02,15478.31,NF-e: 137752 Série: 1 - VND/2025/02503,87572,SORPAN ALIMENTOS,985,AGIS,4,NACOM GOYA - CD,2803847,15478.31,2025-12-15 16:50:27
19442,PAGIS/2025/01454,2025-09-02,10775.64,NF-e: 137774 Série: 1 - VND/2025/02512,207858,DISPAN,985,AGIS,4,NACOM GOYA - CD,2803843,10775.64,2025-12-15 16:50:24
19440,PAGIS/2025/01452,2025-09-02,16750.8,NF-e: 137775 Série: 1 - VND/2025/02513,207858,DISPAN,985,AGIS,4,NACOM GOYA - CD,2803839,16750.8,2025-12-15 16:50:21
19438,PAGIS/2025/01450,2025-09-02,4000.67,NF-e: 137420 Série: 1 - VND/2025/02285,207759,KEISON PEREIRA OLIVEIRA SANTOS,985,AGIS,4,NACOM GOYA - CD,2803835,4000.67,2025-12-15 16:50:18
19436,PAGIS/2025/01448,2025-09-02,6267.92,NF-e: 137422 Série: 1 - VND/2025/02288,88303,R A SERVICOS,985,AGIS,4,NACOM GOYA - CD,2803831,6267.92,2025-12-15 16:50:15
19434,PAGIS/2025/01446,2025-09-02,10007.31,NF-e: 137502 Série: 1 - VND/2025/02344,87817,FRIALY,985,AGIS,4,NACOM GOYA - CD,2803827,10007.31,2025-12-15 16:50:10
19432,PAGIS/2025/01444,2025-09-02,9654.95,NF-e: 137532 Série: 1 - VND/2025/02363,87763,COMERCIAL PROLAC,985,AGIS,4,NACOM GOYA - CD,2803823,9654.95,2025-12-15 16:50:07
19430,PAGIS/2025/01442,2025-09-01,6079.2,NF-e: 137904 Série: 1 - VND/2025/02600,87376,PRIME FOOD SOLUTIONS,985,AGIS,4,NACOM GOYA - CD,2803819,6079.2,2025-12-15 16:50:03
19428,PAGIS/2025/01440,2025-09-01,3471.67,NF-e: 137953 Série: 1 - VND/2025/02638,207913,S T DISTIRBUIDORA,985,AGIS,4,NACOM GOYA - CD,2803815,3471.67,2025-12-15 16:50:00
19426,PAGIS/2025/01438,2025-09-01,1477.35,NF-e: 137699 Série: 1 - VND/2025/02461,86640,BIG DISTRIBUIDORA DE PRODUTOS ALIMENTICIOS,985,AGIS,4,NACOM GOYA - CD,2803811,1477.35,2025-12-15 16:49:57
19424,PAGIS/2025/01436,2025-09-01,1273.27,NF-e: 137706 Série: 1 - VND/2025/02466,207762,GAB ATACADISTA,985,AGIS,4,NACOM GOYA - CD,2803807,1273.27,2025-12-15 16:49:54
19422,PAGIS/2025/01434,2025-09-01,2286.02,NF-e: 137708 Série: 1 - VND/2025/02468,86010,TRILIX DIST,985,AGIS,4,NACOM GOYA - CD,2803803,2286.02,2025-12-15 16:49:50
19420,PAGIS/2025/01432,2025-09-01,10557.0,NF-e: 137342 Série: 1 - VND/2025/02222,87617,CDI BARRA,985,AGIS,4,NACOM GOYA - CD,2803799,10557.0,2025-12-15 16:49:48
19418,PAGIS/2025/01430,2025-09-01,19430.16,NF-e: 137476 Série: 1 - VND/2025/02319,88163,AMORIX,985,AGIS,4,NACOM GOYA - CD,2803793,19430.16,2025-12-15 16:49:44
19416,PAGIS/2025/01428,2025-09-01,4603.94,NF-e: 136848 Série: 1 - VND/2025/01882,86070,SIMAO FESTA,985,AGIS,4,NACOM GOYA - CD,2803789,4603.94,2025-12-15 16:49:40
19414,PAGIS/2025/01426,2025-09-01,18718.56,NF-e: 136927 Série: 1 - VND/2025/01941,86199,LUMAR,985,AGIS,4,NACOM GOYA - CD,2803785,18718.56,2025-12-15 16:49:36
19412,PAGIS/2025/01424,2025-09-01,63195.28,NF-e: 136098 Série: 1 - VND/2025/01396,88639,UNIAGRO,985,AGIS,4,NACOM GOYA - CD,2803781,63195.28,2025-12-15 16:49:33
19410,PAGIS/2025/01422,2025-08-31,4859.57,NF-e: 137546 Série: 1 - VND/2025/02371,207817,CHEGA+ ATACAREJO,985,AGIS,4,NACOM GOYA - CD,2803777,4859.57,2025-12-15 16:49:30
19408,PAGIS/2025/01420,2025-08-28,2950.29,NF-e: 137728 Série: 1 - VND/2025/02483,87230,ROYAL NUTS,985,AGIS,4,NACOM GOYA - CD,2803773,2950.29,2025-12-15 16:49:24
19406,PAGIS/2025/01418,2025-08-28,6553.23,NF-e: 137880 Série: 1 - VND/2025/02586,207785,EMPORIO FAHL,985,AGIS,4,NACOM GOYA - CD,2803769,6553.23,2025-12-15 16:49:22
19404,PAGIS/2025/01416,2025-08-28,3340.67,NF-e: 137881 Série: 1 - VND/2025/02587,87745,SANNA,985,AGIS,4,NACOM GOYA - CD,2803765,3340.67,2025-12-15 16:49:18
19402,PAGIS/2025/01414,2025-08-28,1034.13,NF-e: 137593 Série: 1 - VND/2025/02403,206180,SUPERMERCADO MIX,985,AGIS,4,NACOM GOYA - CD,2803761,1034.13,2025-12-15 16:49:15
19400,PAGIS/2025/01412,2025-08-28,2314.21,NF-e: 137594 Série: 1 - VND/2025/02402,206177,MEGA SUPERMERCADOS,985,AGIS,4,NACOM GOYA - CD,2803757,2314.21,2025-12-15 16:49:12
19398,PAGIS/2025/01410,2025-08-28,5447.08,NF-e: 137627 Série: 1 - VND/2025/02419,87826,COCO BAMBU BEIRA MAR,985,AGIS,4,NACOM GOYA - CD,2803753,5447.08,2025-12-15 16:49:08
19396,PAGIS/2025/01408,2025-08-28,1058.36,NF-e: 137625 Série: 1 - VND/2025/02417,86040,SOLUCAO,985,AGIS,4,NACOM GOYA - CD,2803749,1058.36,2025-12-15 16:49:05
19394,PAGIS/2025/01406,2025-08-28,1992.34,NF-e: 137626 Série: 1 - VND/2025/02418,86273,ATACADAO DUDA,985,AGIS,4,NACOM GOYA - CD,2803745,1992.34,2025-12-15 16:49:02
19392,PAGIS/2025/01404,2025-08-28,1519.6,NF-e: 137649 Série: 1 - VND/2025/02432,87575,DISKPAN,985,AGIS,4,NACOM GOYA - CD,2803741,1519.6,2025-12-15 16:48:59
19390,PAGIS/2025/01402,2025-08-28,102858.36,NF-e: 136707 Série: 1 - VND/2025/01812,87848,FORTALI,985,AGIS,4,NACOM GOYA - CD,2803737,102858.36,2025-12-15 16:48:55
19388,PAGIS/2025/01400,2025-08-28,3924.0,NF-e: 137258 Série: 1 - VND/2025/02156,204052,SUPER SANTOS,985,AGIS,4,NACOM GOYA - CD,2803733,3924.0,2025-12-15 16:48:52
19386,PAGIS/2025/01398,2025-08-28,5810.08,NF-e: 136280 Série: 1 - VND/2025/01484,87981,FRIGORIFICO SAO MATH,985,AGIS,4,NACOM GOYA - CD,2803729,5810.08,2025-12-15 16:48:49
19384,PAGIS/2025/01396,2025-08-27,1807.6,NF-e: 137714 Série: 1 - VND/2025/02474,204524,AMABRO DISTRIBUIDORA,985,AGIS,4,NACOM GOYA - CD,2803725,1807.6,2025-12-15 16:48:46
19382,PAGIS/2025/01394,2025-08-27,1376.28,NF-e: 137273 Série: 1 - VND/2025/02178,88100,RONDONIA,985,AGIS,4,NACOM GOYA - CD,2803721,1376.28,2025-12-15 16:48:43
19380,PAGIS/2025/01392,2025-08-27,17348.33,NF-e: 137553 Série: 1 - VND/2025/02376,207768,DIST E IMP IRMAOS AVELINO - CARAPICUIBA - BID FOOD,985,AGIS,4,NACOM GOYA - CD,2803717,17348.33,2025-12-15 16:48:40
19378,PAGIS/2025/01390,2025-08-27,1012.94,NF-e: 137596 Série: 1 - VND/2025/02400,98933,MAIS ALIMENTOS,985,AGIS,4,NACOM GOYA - CD,2803713,1012.94,2025-12-15 16:48:35
19376,PAGIS/2025/01388,2025-08-27,1717.16,NF-e: 137597 Série: 1 - VND/2025/02399,87964,EXTREMA DIST,985,AGIS,4,NACOM GOYA - CD,2803709,1717.16,2025-12-15 16:48:33
19374,PAGIS/2025/01386,2025-08-27,4133.5,NF-e: 137598 Série: 1 - VND/2025/02398,88325,MEZZANI,985,AGIS,4,NACOM GOYA - CD,2803705,4133.5,2025-12-15 16:48:30
19372,PAGIS/2025/01384,2025-08-27,1523.0,NF-e: 137599 Série: 1 - VND/2025/02397,86407,QUALY LIBERDADE,985,AGIS,4,NACOM GOYA - CD,2803701,1523.0,2025-12-15 16:48:26
19370,PAGIS/2025/01382,2025-08-27,3122.45,NF-e: 137607 Série: 1 - VND/2025/02407,205343,SCA LITORAL DIST,985,AGIS,4,NACOM GOYA - CD,2803697,3122.45,2025-12-15 16:48:22
19368,PAGIS/2025/01380,2025-08-27,7887.05,NF-e: 137272 Série: 1 - VND/2025/02179,98802,COMERCIAL FAVORITA,985,AGIS,4,NACOM GOYA - CD,2803693,7887.05,2025-12-15 16:48:19
19366,PAGIS/2025/01378,2025-08-27,128936.64,NF-e: 137490 Série: 1 - VND/2025/02334,205015,RFG COMERCIO - SUBWAY,985,AGIS,4,NACOM GOYA - CD,2803689,128936.64,2025-12-15 16:48:16
19364,PAGIS/2025/01376,2025-08-27,5182.2,NF-e: 136792 Série: 1 - VND/2025/01853,86614,QPIZZA,985,AGIS,4,NACOM GOYA - CD,2803685,5182.2,2025-12-15 16:48:13
19362,PAGIS/2025/01374,2025-08-27,2912.49,NF-e: 135430 Série: 1 - VND/2025/00902,87323,SUP RODRIGUES,985,AGIS,4,NACOM GOYA - CD,2803681,2912.49,2025-12-15 16:48:09
19360,PAGIS/2025/01372,2025-08-27,27112.33,NF-e: 135136 Série: 1 - VND/2025/00714,88268,BOMBONZAO,985,AGIS,4,NACOM GOYA - CD,2803677,27112.33,2025-12-15 16:48:05
19358,PAGIS/2025/01370,2025-08-26,2204.37,NF-e: 137745 Série: 1 - VND/2025/02496,88247,PAO DOURADO,985,AGIS,4,NACOM GOYA - CD,2803673,2204.37,2025-12-15 16:48:02
19356,PAGIS/2025/01368,2025-08-26,7721.76,NF-e: 137749 Série: 1 - VND/2025/02500,87841,COMAL,985,AGIS,4,NACOM GOYA - CD,2803669,7721.76,2025-12-15 16:47:59
19354,PAGIS/2025/01366,2025-08-26,3094.3,NF-e: 137755 Série: 1 - VND/2025/02506,202698,COMERCIAL ATOS PAN,985,AGIS,4,NACOM GOYA - CD,2803665,3094.3,2025-12-15 16:47:56
19352,PAGIS/2025/01364,2025-08-26,1075.79,NF-e: 137771 Série: 1 - VND/2025/02509,86523,C. D. P.,985,AGIS,4,NACOM GOYA - CD,2803661,1075.79,2025-12-15 16:47:53
19350,PAGIS/2025/01362,2025-08-26,2318.29,NF-e: 137793 Série: 1 - VND/2025/02522,202412,MAXIMO SUEIRO ALIMENTOS LTDA,985,AGIS,4,NACOM GOYA - CD,2803657,2318.29,2025-12-15 16:47:50
19348,PAGIS/2025/01360,2025-08-26,3041.23,NF-e: 137798 Série: 1 - VND/2025/02526,206146,A S DISTRIBUICAO DE ALIMENTOS LTDA,985,AGIS,4,NACOM GOYA - CD,2803653,3041.23,2025-12-15 16:47:46
19346,PAGIS/2025/01358,2025-08-26,4192.29,NF-e: 137958 Série: 1 - VND/2025/02641,86488,L & G ALIMENTOS DO BRASIL LTDA,985,AGIS,4,NACOM GOYA - CD,2803649,4192.29,2025-12-15 16:47:42
19344,PAGIS/2025/01356,2025-08-26,3151.09,NF-e: 137711 Série: 1 - VND/2025/02472,98897,SACOLÃO GATÃO,985,AGIS,4,NACOM GOYA - CD,2803645,3151.09,2025-12-15 16:47:38
19342,PAGIS/2025/01354,2025-08-26,1844.86,NF-e: 137237 Série: 1 - VND/2025/02135,207783,CEREALISTA E ATACADISTA AMIGAO,985,AGIS,4,NACOM GOYA - CD,2803641,1844.86,2025-12-15 16:47:33
19340,PAGIS/2025/01352,2025-08-26,7658.81,NF-e: 137552 Série: 1 - VND/2025/02374,207774,DIST E IMP IRMAOS AVELINO - PAULÍNIA - BID FOOD,985,AGIS,4,NACOM GOYA - CD,2803637,7658.81,2025-12-15 16:47:29
19338,PAGIS/2025/01350,2025-08-26,15478.31,NF-e: 137752 Série: 1 - VND/2025/02503,87572,SORPAN ALIMENTOS,985,AGIS,4,NACOM GOYA - CD,2803633,15478.31,2025-12-15 16:47:26
19336,PAGIS/2025/01348,2025-08-26,10775.64,NF-e: 137774 Série: 1 - VND/2025/02512,207858,DISPAN,985,AGIS,4,NACOM GOYA - CD,2803629,10775.64,2025-12-15 16:47:21
19334,PAGIS/2025/01346,2025-08-26,3999.47,NF-e: 137420 Série: 1 - VND/2025/02285,207759,KEISON PEREIRA OLIVEIRA SANTOS,985,AGIS,4,NACOM GOYA - CD,2803625,3999.47,2025-12-15 16:47:19
19332,PAGIS/2025/01344,2025-08-26,6266.04,NF-e: 137422 Série: 1 - VND/2025/02288,88303,R A SERVICOS,985,AGIS,4,NACOM GOYA - CD,2803621,6266.04,2025-12-15 16:47:16
19330,PAGIS/2025/01342,2025-08-26,10004.32,NF-e: 137502 Série: 1 - VND/2025/02344,87817,FRIALY,985,AGIS,4,NACOM GOYA - CD,2803617,10004.32,2025-12-15 16:47:13
19328,PAGIS/2025/01340,2025-08-26,9654.95,NF-e: 137532 Série: 1 - VND/2025/02363,87763,COMERCIAL PROLAC,985,AGIS,4,NACOM GOYA - CD,2803613,9654.95,2025-12-15 16:47:08
19326,PAGIS/2025/01338,2025-08-26,3058.77,NF-e: 137538 Série: 1 - VND/2025/02368,205179,SAO FRANCISCO SUP,985,AGIS,4,NACOM GOYA - CD,2803609,3058.77,2025-12-15 16:47:05
19324,PAGIS/2025/01336,2025-08-25,1890.0,NF-e: 137537 Série: 1 - VND/2025/02367,86011,ROST GUIMARAES DISTRIBUIDORA E TRANSPORTES LTDA,985,AGIS,4,NACOM GOYA - CD,2803605,1890.0,2025-12-15 16:47:02
19322,PAGIS/2025/01334,2025-08-25,3182.05,NF-e: 137684 Série: 1 - VND/2025/02451,207855,GENKI DISTRIBUIDORA,985,AGIS,4,NACOM GOYA - CD,2803601,3182.05,2025-12-15 16:46:59
19320,PAGIS/2025/01332,2025-08-25,1477.35,NF-e: 137699 Série: 1 - VND/2025/02461,86640,BIG DISTRIBUIDORA DE PRODUTOS ALIMENTICIOS,985,AGIS,4,NACOM GOYA - CD,2803597,1477.35,2025-12-15 16:46:55
19318,PAGIS/2025/01330,2025-08-25,2286.03,NF-e: 137708 Série: 1 - VND/2025/02468,86010,TRILIX DIST,985,AGIS,4,NACOM GOYA - CD,2803593,2286.03,2025-12-15 16:46:52
19316,PAGIS/2025/01328,2025-08-25,10900.5,NF-e: 137723 Série: 1 - VND/2025/02481,87950,BOURBON,985,AGIS,4,NACOM GOYA - CD,2803589,10900.5,2025-12-15 16:46:48
19314,PAGIS/2025/01326,2025-08-25,2003.52,NF-e: 137174 Série: 1 - VND/2025/02100,88089,LIGZARB SUP,985,AGIS,4,NACOM GOYA - CD,2803585,2003.52,2025-12-15 16:46:43
19312,PAGIS/2025/01324,2025-08-25,2646.54,NF-e: 137352 Série: 1 - VND/2025/02234,204632,CB CONCEITO BH,985,AGIS,4,NACOM GOYA - CD,2803581,2646.54,2025-12-15 16:46:41
19310,PAGIS/2025/01322,2025-08-25,19424.32,NF-e: 137476 Série: 1 - VND/2025/02319,88163,AMORIX,985,AGIS,4,NACOM GOYA - CD,2803577,19424.32,2025-12-15 16:46:38
19308,PAGIS/2025/01320,2025-08-25,1973.28,NF-e: 136883 Série: 1 - VND/2025/01911,86195,CHURRASCARIA TRILHA,985,AGIS,4,NACOM GOYA - CD,2803573,1973.28,2025-12-15 16:46:35
19306,PAGIS/2025/01318,2025-08-25,3111.28,NF-e: 136884 Série: 1 - VND/2025/01913,86540,COSTELAO,985,AGIS,4,NACOM GOYA - CD,2803569,3111.28,2025-12-15 16:46:32
19304,PAGIS/2025/01316,2025-08-25,24447.43,NF-e: 137089 Série: 1 - VND/2025/02039,87186,COM MARTINS DE,985,AGIS,4,NACOM GOYA - CD,2803565,24447.43,2025-12-15 16:46:28
19302,PAGIS/2025/01314,2025-08-25,6551.1,NF-e: 137092 Série: 1 - VND/2025/02040,203957,KALBIR,985,AGIS,4,NACOM GOYA - CD,2803561,6551.1,2025-12-15 16:46:25
19300,PAGIS/2025/01312,2025-08-25,3188.51,NF-e: 136547 Série: 1 - VND/2025/01700,87151,SANTO ANTONIO ATAC,985,AGIS,4,NACOM GOYA - CD,2803557,3188.51,2025-12-15 16:46:21
19296,PAGIS/2025/01308,2025-08-25,53505.0,NF-e: 135564 Série: 1 - VND/2025/00994,98893,REDE MATEUS,985,AGIS,4,NACOM GOYA - CD,2803549,53505.0,2025-12-15 16:46:13
19294,PAGIS/2025/01306,2025-08-24,32071.73,NF-e: 136134 Série: 1 - VND/2025/01420,88243,GRUPO CARVALHO,985,AGIS,4,NACOM GOYA - CD,2803545,32071.73,2025-12-15 16:46:10
19292,PAGIS/2025/01304,2025-08-22,13782.47,NF-e: 137651 Série: 1 - VND/2025/02433,86523,C. D. P.,985,AGIS,4,NACOM GOYA - CD,2803541,13782.47,2025-12-15 16:46:05
19289,PAGIS/2025/01302,2025-08-22,1354.44,NF-e: 137654 Série: 1 - VND/2025/02434,88363,LA BELLA,985,AGIS,4,NACOM GOYA - CD,2803535,1354.44,2025-12-15 16:46:01
19288,PAGIS/2025/01300,2025-08-22,92211.41,NF-e: 137667 Série: 1 - VND/2025/02441,86975,J FRIOS LTDA,985,AGIS,4,NACOM GOYA - CD,2803533,92211.41,2025-12-15 16:45:55
19286,PAGIS/2025/01298,2025-08-22,5616.0,NF-e: 137419 Série: 1 - VND/2025/02286,204643,CAMARADA ADM DE REST,985,AGIS,4,NACOM GOYA - CD,2803511,5616.0,2025-12-15 16:45:52
19284,PAGIS/2025/01296,2025-08-22,3486.16,NF-e: 137079 Série: 1 - VND/2025/02033,87562,EMBALE,985,AGIS,4,NACOM GOYA - CD,2803507,3486.16,2025-12-15 16:45:49
19282,PAGIS/2025/01294,2025-08-22,7297.46,NF-e: 137090 Série: 1 - VND/2025/02038,98814,BERIMBAU,985,AGIS,4,NACOM GOYA - CD,2803503,7297.46,2025-12-15 16:45:45
19280,PAGIS/2025/01292,2025-08-22,5853.38,NF-e: 137091 Série: 1 - VND/2025/02041,87756,GALETOS DIST,985,AGIS,4,NACOM GOYA - CD,2803499,5853.38,2025-12-15 16:45:41
19278,PAGIS/2025/01290,2025-08-22,49888.0,NF-e: 136957 Série: 1 - VND/2025/01958,88004,LAREDO FOOD,985,AGIS,4,NACOM GOYA - CD,2803495,49888.0,2025-12-15 16:45:38
19276,PAGIS/2025/01288,2025-08-22,12021.0,NF-e: 136958 Série: 1 - VND/2025/01957,87848,FORTALI,985,AGIS,4,NACOM GOYA - CD,2803491,12021.0,2025-12-15 16:45:35
19274,PAGIS/2025/01286,2025-08-22,19501.55,NF-e: 136643 Série: 1 - VND/2025/01756,205228,MAIS FRIOS,985,AGIS,4,NACOM GOYA - CD,2803487,19501.55,2025-12-15 16:45:32
19272,PAGIS/2025/01284,2025-08-22,21665.84,NF-e: 136645 Série: 1 - VND/2025/01766,87476,DML COMERCIO,985,AGIS,4,NACOM GOYA - CD,2803483,21665.84,2025-12-15 16:45:29
19270,PAGIS/2025/01282,2025-08-22,3697.38,NF-e: 136157 Série: 1 - VND/2025/01438,87593,GUAPORE DISTRIB,985,AGIS,4,NACOM GOYA - CD,2803479,3697.38,2025-12-15 16:45:25
19268,PAGIS/2025/01280,2025-08-21,1034.13,NF-e: 137593 Série: 1 - VND/2025/02403,206180,SUPERMERCADO MIX,985,AGIS,4,NACOM GOYA - CD,2803475,1034.13,2025-12-15 16:45:21
19266,PAGIS/2025/01278,2025-08-21,2314.21,NF-e: 137594 Série: 1 - VND/2025/02402,206177,MEGA SUPERMERCADOS,985,AGIS,4,NACOM GOYA - CD,2803469,2314.21,2025-12-15 16:45:17
19264,PAGIS/2025/01276,2025-08-21,1058.36,NF-e: 137625 Série: 1 - VND/2025/02417,86040,SOLUCAO,985,AGIS,4,NACOM GOYA - CD,2803465,1058.36,2025-12-15 16:45:14
19262,PAGIS/2025/01274,2025-08-21,1992.34,NF-e: 137626 Série: 1 - VND/2025/02418,86273,ATACADAO DUDA,985,AGIS,4,NACOM GOYA - CD,2803461,1992.34,2025-12-15 16:45:10
19260,PAGIS/2025/01272,2025-08-21,1519.6,NF-e: 137649 Série: 1 - VND/2025/02432,87575,DISKPAN,985,AGIS,4,NACOM GOYA - CD,2803457,1519.6,2025-12-15 16:45:07
19258,PAGIS/2025/01270,2025-08-21,24061.53,NF-e: 137281 Série: 1 - VND/2025/02182,204033,IQUEGAMI SUP,985,AGIS,4,NACOM GOYA - CD,2803453,24061.53,2025-12-15 16:45:05
19256,PAGIS/2025/01268,2025-08-21,2858.13,NF-e: 137347 Série: 1 - VND/2025/02226,88167,REDE TOP BURGUER,985,AGIS,4,NACOM GOYA - CD,2803449,2858.13,2025-12-15 16:45:01
19254,PAGIS/2025/01266,2025-08-21,5469.76,NF-e: 137013 Série: 1 - VND/2025/01991,88199,PR DISTRIBUIDORA,985,AGIS,4,NACOM GOYA - CD,2803445,5469.76,2025-12-15 16:44:57
19252,PAGIS/2025/01264,2025-08-21,3810.49,NF-e: 137015 Série: 1 - VND/2025/01989,88100,RONDONIA,985,AGIS,4,NACOM GOYA - CD,2803441,3810.49,2025-12-15 16:44:53
19250,PAGIS/2025/01262,2025-08-21,6888.59,NF-e: 136528 Série: 1 - VND/2025/01688,87973,CELESTE,985,AGIS,4,NACOM GOYA - CD,2803437,6888.59,2025-12-15 16:44:49
19248,PAGIS/2025/01260,2025-08-20,1375.86,NF-e: 137273 Série: 1 - VND/2025/02178,88100,RONDONIA,985,AGIS,4,NACOM GOYA - CD,2803433,1375.86,2025-12-15 16:44:46
19246,PAGIS/2025/01258,2025-08-20,1012.94,NF-e: 137596 Série: 1 - VND/2025/02400,98933,MAIS ALIMENTOS,985,AGIS,4,NACOM GOYA - CD,2803429,1012.94,2025-12-15 16:44:42
19244,PAGIS/2025/01256,2025-08-20,1717.16,NF-e: 137597 Série: 1 - VND/2025/02399,87964,EXTREMA DIST,985,AGIS,4,NACOM GOYA - CD,2803425,1717.16,2025-12-15 16:44:39
19242,PAGIS/2025/01254,2025-08-20,4133.5,NF-e: 137598 Série: 1 - VND/2025/02398,88325,MEZZANI,985,AGIS,4,NACOM GOYA - CD,2803421,4133.5,2025-12-15 16:44:36
19240,PAGIS/2025/01252,2025-08-20,1523.01,NF-e: 137599 Série: 1 - VND/2025/02397,86407,QUALY LIBERDADE,985,AGIS,4,NACOM GOYA - CD,2803417,1523.01,2025-12-15 16:44:33
19238,PAGIS/2025/01250,2025-08-20,7887.05,NF-e: 137272 Série: 1 - VND/2025/02179,98802,COMERCIAL FAVORITA,985,AGIS,4,NACOM GOYA - CD,2803413,7887.05,2025-12-15 16:44:29
19236,PAGIS/2025/01248,2025-08-20,3994.74,NF-e: 137280 Série: 1 - VND/2025/02181,98930,TERRANOVA COMERCIAL DE ALIMENTOS,985,AGIS,4,NACOM GOYA - CD,2803409,3994.74,2025-12-15 16:44:25
19234,PAGIS/2025/01246,2025-08-20,5182.2,NF-e: 136792 Série: 1 - VND/2025/01853,86614,QPIZZA,985,AGIS,4,NACOM GOYA - CD,2803405,5182.2,2025-12-15 16:44:23
19232,PAGIS/2025/01244,2025-08-20,5506.57,NF-e: 136485 Série: 1 - VND/2025/01649,206156,IDEAL ALIMENTOS,985,AGIS,4,NACOM GOYA - CD,2803401,5506.57,2025-12-15 16:44:19
18882,PAGIS/2025/00894,2025-08-20,2911.62,NF-e: 135430 Série: 1 - VND/2025/00902,87323,SUP RODRIGUES,985,AGIS,4,NACOM GOYA - CD,2802648,2911.62,2025-12-15 15:30:08
19230,PAGIS/2025/01242,2025-08-04,7332.6,NF-e: 136598 Série: 1 - VND/2025/01729,87088,FACIL DISTRIBUIDORA,985,AGIS,4,NACOM GOYA - CD,2803397,7332.6,2025-12-15 16:44:17
19228,PAGIS/2025/01240,2025-08-04,12037.96,NF-e: 135767 Série: 1 - VND/2025/01152,88186,HABIBS,985,AGIS,4,NACOM GOYA - CD,2803393,12037.96,2025-12-15 16:44:14
19226,PAGIS/2025/01238,2025-08-03,5506.57,NF-e: 136485 Série: 1 - VND/2025/01649,206156,IDEAL ALIMENTOS,985,AGIS,4,NACOM GOYA - CD,2803389,5506.57,2025-12-15 16:44:11
19224,PAGIS/2025/01236,2025-08-02,19473.7,NF-e: 131836 Série: 1 - VND/2025/01357,205985,TUDO E FESTA,985,AGIS,4,NACOM GOYA - CD,2803385,19473.7,2025-12-15 16:44:07
19222,PAGIS/2025/01234,2025-08-01,3188.51,NF-e: 136547 Série: 1 - VND/2025/01700,87151,SANTO ANTONIO ATAC,985,AGIS,4,NACOM GOYA - CD,2803381,3188.51,2025-12-15 16:44:05
19220,PAGIS/2025/01232,2025-08-01,979.6,NF-e: 136783 Série: 1 - VND/2025/01852,204534,CACAO CONFEITARIA,985,AGIS,4,NACOM GOYA - CD,2803377,979.6,2025-12-15 16:44:01
19218,PAGIS/2025/01230,2025-08-01,41647.2,NF-e: 91544 Série: 1 - VND/2025/01871,88012,BIDOLUX,985,AGIS,1,NACOM GOYA - FB,2803373,41647.2,2025-12-15 16:43:59
19216,PAGIS/2025/01228,2025-08-01,4290.41,NF-e: 136831 Série: 1 - VND/2025/01868,204073,LIDER IND E COM LTDA,985,AGIS,4,NACOM GOYA - CD,2803369,4290.41,2025-12-15 16:43:55
19214,PAGIS/2025/01226,2025-08-01,1656.06,NF-e: 136495 Série: 1 - VND/2025/01660,202712,PLURAL DISTRIBUIDORA DE ALIMENTOS,985,AGIS,4,NACOM GOYA - CD,2803365,1656.06,2025-12-15 16:43:53
19212,PAGIS/2025/01224,2025-08-01,15840.0,NF-e: 136540 Série: 1 - VND/2025/01694,88325,MEZZANI,985,AGIS,4,NACOM GOYA - CD,2803361,15840.0,2025-12-15 16:43:48
19210,PAGIS/2025/01222,2025-08-01,1818.96,NF-e: 135994 Série: 1 - VND/2025/01323,88027,RIOS ATACAREJO,985,AGIS,4,NACOM GOYA - CD,2803357,1818.96,2025-12-15 16:43:45
19208,PAGIS/2025/01220,2025-08-01,5278.5,NF-e: 136006 Série: 1 - VND/2025/01327,87617,CDI BARRA,985,AGIS,4,NACOM GOYA - CD,2803353,5278.5,2025-12-15 16:43:42
19206,PAGIS/2025/01218,2025-08-01,12523.79,NF-e: 135253 Série: 1 - VND/2025/00790,98871,PRASO,985,AGIS,4,NACOM GOYA - CD,2803349,12523.79,2025-12-15 16:43:37
19204,PAGIS/2025/01216,2025-08-01,184960.8,NF-e: 135110 Série: 1 - VND/2025/00696,88111,REDE MATEUS,985,AGIS,4,NACOM GOYA - CD,2803345,184960.8,2025-12-15 16:43:35
19202,PAGIS/2025/01214,2025-07-31,3815.44,NF-e: 137063 Série: 1 - VND/2025/02014,87810,NUTRICIONALE,985,AGIS,4,NACOM GOYA - CD,2803341,3815.44,2025-12-15 16:43:31
19200,PAGIS/2025/01212,2025-07-31,11128.35,NF-e: 136678 Série: 1 - VND/2025/01795,202374,BARRACAO SUP LTDA,985,AGIS,4,NACOM GOYA - CD,2803337,11128.35,2025-12-15 16:43:28
19198,PAGIS/2025/01210,2025-07-31,1726.78,NF-e: 136708 Série: 1 - VND/2025/01811,204040,LR PIZZARIA,985,AGIS,4,NACOM GOYA - CD,2803333,1726.78,2025-12-15 16:43:25
19196,PAGIS/2025/01208,2025-07-31,2187.91,NF-e: 136816 Série: 1 - VND/2025/01866,205343,SCA LITORAL DIST,985,AGIS,4,NACOM GOYA - CD,2803329,2187.91,2025-12-15 16:43:21
19192,PAGIS/2025/01204,2025-07-31,4492.8,NF-e: 136541 Série: 1 - VND/2025/01695,204643,CAMARADA ADM DE REST,985,AGIS,4,NACOM GOYA - CD,2803321,4492.8,2025-12-15 16:43:15
19190,PAGIS/2025/01202,2025-07-31,8023.32,NF-e: 136073 Série: 1 - VND/2025/01377,87617,CDI BARRA,985,AGIS,4,NACOM GOYA - CD,2803317,8023.32,2025-12-15 16:43:12
19188,PAGIS/2025/01200,2025-07-30,4175.39,NF-e: 136503 Série: 1 - VND/2025/01670,206609,TEMPERAO REIS,985,AGIS,4,NACOM GOYA - CD,2803313,4175.39,2025-12-15 16:43:09
19186,PAGIS/2025/01198,2025-07-30,3112.35,NF-e: 136640 Série: 1 - VND/2025/01759,206035,FEMMIGJE W KOOPMAN DE GROOT,985,AGIS,4,NACOM GOYA - CD,2803309,3112.35,2025-12-15 16:43:06
19184,PAGIS/2025/01196,2025-07-30,14555.0,NF-e: 136787 Série: 1 - VND/2025/01848,88240,CHIABAI,985,AGIS,4,NACOM GOYA - CD,2803305,14555.0,2025-12-15 16:43:03
19182,PAGIS/2025/01194,2025-07-30,3012.0,NF-e: 136796 Série: 1 - VND/2025/01857,87755,NOVA EURO,985,AGIS,4,NACOM GOYA - CD,2803301,3012.0,2025-12-15 16:43:00
19180,PAGIS/2025/01192,2025-07-30,28629.02,NF-e: 136203 Série: 1 - VND/2025/01470,88315,PRASO DIST,985,AGIS,4,NACOM GOYA - CD,2803297,28629.02,2025-12-15 16:42:56
19178,PAGIS/2025/01190,2025-07-30,6555.27,NF-e: 136212 Série: 1 - VND/2025/01474,98818,MORAES COML,985,AGIS,4,NACOM GOYA - CD,2803293,6555.27,2025-12-15 16:42:52
19176,PAGIS/2025/01188,2025-07-30,2251.71,NF-e: 136459 Série: 1 - VND/2025/01630,86702,HJ COMERCIO,985,AGIS,4,NACOM GOYA - CD,2803289,2251.71,2025-12-15 16:42:48
19174,PAGIS/2025/01186,2025-07-30,10158.19,NF-e: 136463 Série: 1 - VND/2025/01632,88273,RIO DE CONTAS ATAC,985,AGIS,4,NACOM GOYA - CD,2803285,10158.19,2025-12-15 16:42:45
19172,PAGIS/2025/01184,2025-07-30,2925.18,NF-e: 135437 Série: 1 - VND/2025/00908,87245,EMBALAPACK,985,AGIS,4,NACOM GOYA - CD,2803281,2925.18,2025-12-15 16:42:42
19170,PAGIS/2025/01182,2025-07-29,1561.92,NF-e: 136666 Série: 1 - VND/2025/01787,87366,LUCENA,985,AGIS,4,NACOM GOYA - CD,2803277,1561.92,2025-12-15 16:42:39
19168,PAGIS/2025/01180,2025-07-29,15840.0,NF-e: 136680 Série: 1 - VND/2025/01798,88325,MEZZANI,985,AGIS,4,NACOM GOYA - CD,2803273,15840.0,2025-12-15 16:42:36
19166,PAGIS/2025/01178,2025-07-29,1137.8,NF-e: 136683 Série: 1 - VND/2025/01801,86040,SOLUCAO,985,AGIS,4,NACOM GOYA - CD,2803269,1137.8,2025-12-15 16:42:33
19164,PAGIS/2025/01176,2025-07-29,1556.67,NF-e: 136704 Série: 1 - VND/2025/01815,86640,BIG DISTRIBUIDORA DE PRODUTOS ALIMENTICIOS,985,AGIS,4,NACOM GOYA - CD,2803265,1556.67,2025-12-15 16:42:29
19162,PAGIS/2025/01174,2025-07-29,5394.32,NF-e: 136721 Série: 1 - VND/2025/01817,87045,GIOVANNA CONGELADOS,985,AGIS,4,NACOM GOYA - CD,2803261,5394.32,2025-12-15 16:42:25
19160,PAGIS/2025/01172,2025-07-29,1761.94,NF-e: 136113 Série: 1 - VND/2025/01404,86997,EMBALANDO,985,AGIS,4,NACOM GOYA - CD,2803257,1761.94,2025-12-15 16:42:21
19158,PAGIS/2025/01170,2025-07-29,3259.44,NF-e: 136137 Série: 1 - VND/2025/01422,87088,FACIL DISTRIBUIDORA,985,AGIS,4,NACOM GOYA - CD,2803253,3259.44,2025-12-15 16:42:17
19156,PAGIS/2025/01168,2025-07-29,1177.06,NF-e: 136194 Série: 1 - VND/2025/01465,88336,FESTPAN,985,AGIS,4,NACOM GOYA - CD,2803249,1177.06,2025-12-15 16:42:14
19154,PAGIS/2025/01166,2025-07-29,5727.55,NF-e: 136346 Série: 1 - VND/2025/01550,87575,DISKPAN,985,AGIS,4,NACOM GOYA - CD,2803245,5727.55,2025-12-15 16:42:10
19152,PAGIS/2025/01164,2025-07-29,3954.47,NF-e: 136347 Série: 1 - VND/2025/01549,87575,DISKPAN,985,AGIS,4,NACOM GOYA - CD,2803241,3954.47,2025-12-15 16:42:07
19150,PAGIS/2025/01162,2025-07-29,1965.63,NF-e: 136352 Série: 1 - VND/2025/01552,98863,SUP AGUIAR,985,AGIS,4,NACOM GOYA - CD,2803237,1965.63,2025-12-15 16:42:03
19148,PAGIS/2025/01160,2025-07-29,10712.19,NF-e: 136438 Série: 1 - VND/2025/01604,207014,SOMA DISTRIBUICAO,985,AGIS,4,NACOM GOYA - CD,2803233,10712.19,2025-12-15 16:41:59
19146,PAGIS/2025/01158,2025-07-29,107447.2,NF-e: 136445 Série: 1 - VND/2025/01628,205015,RFG COMERCIO - SUBWAY,985,AGIS,4,NACOM GOYA - CD,2803229,107447.2,2025-12-15 16:41:55
19144,PAGIS/2025/01156,2025-07-29,8917.99,NF-e: 135887 Série: 1 - VND/2025/01245,87763,COMERCIAL PROLAC,985,AGIS,4,NACOM GOYA - CD,2803225,8917.99,2025-12-15 16:41:51
19142,PAGIS/2025/01154,2025-07-29,1863.14,NF-e: 135617 Série: 1 - VND/2025/01031,87476,DML COMERCIO,985,AGIS,4,NACOM GOYA - CD,2803221,1863.14,2025-12-15 16:41:47
19140,PAGIS/2025/01152,2025-07-29,1054.52,NF-e: 135849 Série: 1 - VND/2025/01220,87756,GALETOS DIST,985,AGIS,4,NACOM GOYA - CD,2803217,1054.52,2025-12-15 16:41:43
19138,PAGIS/2025/01150,2025-07-29,5469.65,NF-e: 136037 Série: 1 - VND/2025/01345,87852,DIST PARATY,985,AGIS,4,NACOM GOYA - CD,2803213,5469.65,2025-12-15 16:41:40
19136,PAGIS/2025/01148,2025-07-29,3016.98,NF-e: 135552 Série: 1 - VND/2025/00979,202429,REDE AVILA SUP,985,AGIS,4,NACOM GOYA - CD,2803209,3016.98,2025-12-15 16:41:36
19134,PAGIS/2025/01146,2025-07-28,2314.86,NF-e: 136938 Série: 1 - VND/2025/01940,87616,COCO BAMBU,985,AGIS,4,NACOM GOYA - CD,2803205,2314.86,2025-12-15 16:41:33
19132,PAGIS/2025/01144,2025-07-28,3380.1,NF-e: 136621 Série: 1 - VND/2025/01744,88166,CDG PRODUTOS,985,AGIS,4,NACOM GOYA - CD,2803201,3380.1,2025-12-15 16:41:30
19130,PAGIS/2025/01142,2025-07-28,15840.0,NF-e: 136622 Série: 1 - VND/2025/01743,88325,MEZZANI,985,AGIS,4,NACOM GOYA - CD,2803197,15840.0,2025-12-15 16:41:27
19128,PAGIS/2025/01140,2025-07-28,1033.09,NF-e: 136634 Série: 1 - VND/2025/01755,203978,BIGAMORIM ATACAREJO,985,AGIS,4,NACOM GOYA - CD,2803193,1033.09,2025-12-15 16:41:23
19126,PAGIS/2025/01138,2025-07-28,51328.05,NF-e: 136041 Série: 1 - VND/2025/01352,87848,FORTALI,985,AGIS,4,NACOM GOYA - CD,2803189,51328.05,2025-12-15 16:41:19
19124,PAGIS/2025/01136,2025-07-28,4623.0,NF-e: 136419 Série: 1 - VND/2025/01598,206829,BATATAS DIPZ - Matriz,985,AGIS,4,NACOM GOYA - CD,2803185,4623.0,2025-12-15 16:41:16
19122,PAGIS/2025/01134,2025-07-28,10469.7,NF-e: 136592 Série: 1 - VND/2025/01724,87407,F P FACANHA,985,AGIS,4,NACOM GOYA - CD,2803181,10469.7,2025-12-15 16:41:13
19120,PAGIS/2025/01132,2025-07-28,3091.88,NF-e: 135686 Série: 1 - VND/2025/01088,206959,CAMPO REAL ATACADO,985,AGIS,4,NACOM GOYA - CD,2803177,3091.88,2025-12-15 16:41:08
19118,PAGIS/2025/01130,2025-07-28,1067.9,NF-e: 135950 Série: 1 - VND/2025/01289,98789,CESTAO DA ECONOMIA,985,AGIS,4,NACOM GOYA - CD,2803173,1067.9,2025-12-15 16:41:06
19116,PAGIS/2025/01128,2025-07-28,2147.78,NF-e: 135980 Série: 1 - VND/2025/01311,88319,IMPERIO EMB,985,AGIS,4,NACOM GOYA - CD,2803169,2147.78,2025-12-15 16:41:01
19114,PAGIS/2025/01126,2025-07-28,6339.18,NF-e: 136097 Série: 1 - VND/2025/01393,87779,SABORETTI,985,AGIS,4,NACOM GOYA - CD,2803165,6339.18,2025-12-15 16:40:59
19112,PAGIS/2025/01124,2025-07-27,34200.0,NF-e: 134516 Série: 1 - VND/2025/00286,98643,SUPER REDE,985,AGIS,4,NACOM GOYA - CD,2803161,34200.0,2025-12-15 16:40:55
19110,PAGIS/2025/01122,2025-07-26,47887.82,NF-e: 135165 Série: 1 - VND/2025/00732,88004,LAREDO FOOD,985,AGIS,4,NACOM GOYA - CD,2803157,47887.82,2025-12-15 16:40:52
19108,PAGIS/2025/01120,2025-07-25,3204.27,NF-e: 136192 Série: 1 - VND/2025/01463,87805,SLR MULTPAN,985,AGIS,4,NACOM GOYA - CD,2803153,3204.27,2025-12-15 16:40:49
19106,PAGIS/2025/01118,2025-07-25,3693.55,NF-e: 136205 Série: 1 - VND/2025/01471,206254,LCO FRIO,985,AGIS,4,NACOM GOYA - CD,2803149,3693.55,2025-12-15 16:40:46
19104,PAGIS/2025/01116,2025-07-25,15840.0,NF-e: 136540 Série: 1 - VND/2025/01694,88325,MEZZANI,985,AGIS,4,NACOM GOYA - CD,2803145,15840.0,2025-12-15 16:40:42
19102,PAGIS/2025/01114,2025-07-25,3165.35,NF-e: 136577 Série: 1 - VND/2025/01722,203229,SUP TOP,985,AGIS,4,NACOM GOYA - CD,2803141,3165.35,2025-12-15 16:40:38
19099,PAGIS/2025/01111,2025-07-25,3268.35,NF-e: 136582 Série: 1 - VND/2025/01723,87996,OLALLA,985,AGIS,4,NACOM GOYA - CD,2803135,3268.35,2025-12-15 16:40:33
19098,PAGIS/2025/01110,2025-07-25,4052.8,NF-e: 136063 Série: 1 - VND/2025/01368,206376,PRASO PLATAFORMA,985,AGIS,4,NACOM GOYA - CD,2803133,4052.8,2025-12-15 16:40:31
19096,PAGIS/2025/01108,2025-07-25,4098.08,NF-e: 135946 Série: 1 - VND/2025/01284,98772,CESTAO DA ECONOMIA,985,AGIS,4,NACOM GOYA - CD,2803129,4098.08,2025-12-15 16:40:27
19094,PAGIS/2025/01106,2025-07-25,1818.97,NF-e: 135994 Série: 1 - VND/2025/01323,88027,RIOS ATACAREJO,985,AGIS,4,NACOM GOYA - CD,2803125,1818.97,2025-12-15 16:40:23
19092,PAGIS/2025/01104,2025-07-25,16210.84,NF-e: 136052 Série: 1 - VND/2025/01363,88226,REDE DILETTARE,985,AGIS,4,NACOM GOYA - CD,2803121,16210.84,2025-12-15 16:40:20
19090,PAGIS/2025/01102,2025-07-25,5423.19,NF-e: 136053 Série: 1 - VND/2025/01362,88225,REDE DILETTARE,985,AGIS,4,NACOM GOYA - CD,2803117,5423.19,2025-12-15 16:40:17
19088,PAGIS/2025/01100,2025-07-25,4878.68,NF-e: 135352 Série: 1 - VND/2025/00841,88315,PRASO DIST,985,AGIS,4,NACOM GOYA - CD,2803113,4878.68,2025-12-15 16:40:13
19086,PAGIS/2025/01098,2025-07-25,12520.03,NF-e: 135253 Série: 1 - VND/2025/00790,98871,PRASO,985,AGIS,4,NACOM GOYA - CD,2803109,12520.03,2025-12-15 16:40:09
19084,PAGIS/2025/01096,2025-07-25,14453.87,NF-e: 134201 Série: 1 - VND/2025/00046,88266,SUP NOVA CIDADE,985,AGIS,4,NACOM GOYA - CD,2803105,14453.87,2025-12-15 16:40:06
19082,PAGIS/2025/01094,2025-07-24,3815.44,NF-e: 137063 Série: 1 - VND/2025/02014,87810,NUTRICIONALE,985,AGIS,4,NACOM GOYA - CD,2803101,3815.44,2025-12-15 16:40:02
19080,PAGIS/2025/01092,2025-07-24,13961.4,NF-e: 136433 Série: 1 - VND/2025/01614,205772,BATATAS DIPZ - FILIAL,985,AGIS,4,NACOM GOYA - CD,2803097,13961.4,2025-12-15 16:39:59
19078,PAGIS/2025/01090,2025-07-24,3750.55,NF-e: 136546 Série: 1 - VND/2025/01698,206216,COMERCIAL DE ALIMENTOS NUTRIVIP DO BRASIL LTDA,985,AGIS,4,NACOM GOYA - CD,2803093,3750.55,2025-12-15 16:39:56
19076,PAGIS/2025/01088,2025-07-24,959.79,NF-e: 135973 Série: 1 - VND/2025/01306,206989,SUPER MIX SUPERMERCADO,985,AGIS,4,NACOM GOYA - CD,2803089,959.79,2025-12-15 16:39:51
19074,PAGIS/2025/01086,2025-07-24,1034.74,NF-e: 135978 Série: 1 - VND/2025/01309,203875,SUPER GONCALVES,985,AGIS,4,NACOM GOYA - CD,2803085,1034.74,2025-12-15 16:39:48
19072,PAGIS/2025/01084,2025-07-24,12015.03,NF-e: 135985 Série: 1 - VND/2025/01314,87572,SORPAN ALIMENTOS,985,AGIS,4,NACOM GOYA - CD,2803081,12015.03,2025-12-15 16:39:45
19070,PAGIS/2025/01082,2025-07-24,2226.11,NF-e: 135487 Série: 1 - VND/2025/00941,202737,FERREIRA LIMA COMERCIO DE ALIMENTOS LTDA,985,AGIS,4,NACOM GOYA - CD,2803077,2226.11,2025-12-15 16:39:41
19066,PAGIS/2025/01078,2025-07-23,1895.16,NF-e: 136209 Série: 1 - VND/2025/01473,88011,JF FOOD SERVICE,985,AGIS,4,NACOM GOYA - CD,2803069,1895.16,2025-12-15 16:39:35
19064,PAGIS/2025/01076,2025-07-23,6555.27,NF-e: 136212 Série: 1 - VND/2025/01474,98818,MORAES COML,985,AGIS,4,NACOM GOYA - CD,2803065,6555.27,2025-12-15 16:39:32
19062,PAGIS/2025/01074,2025-07-23,2251.71,NF-e: 136459 Série: 1 - VND/2025/01630,86702,HJ COMERCIO,985,AGIS,4,NACOM GOYA - CD,2803061,2251.71,2025-12-15 16:39:29
19060,PAGIS/2025/01072,2025-07-23,8130.34,NF-e: 135935 Série: 1 - VND/2025/01280,87817,FRIALY,985,AGIS,4,NACOM GOYA - CD,2803057,8130.34,2025-12-15 16:39:26
19058,PAGIS/2025/01070,2025-07-23,941.26,NF-e: 135936 Série: 1 - VND/2025/01276,87817,FRIALY,985,AGIS,4,NACOM GOYA - CD,2803053,941.26,2025-12-15 16:39:23
19056,PAGIS/2025/01068,2025-07-23,19467.85,NF-e: 131836 Série: 1 - VND/2025/01357,205985,TUDO E FESTA,985,AGIS,4,NACOM GOYA - CD,2803049,19467.85,2025-12-15 16:39:19
19054,PAGIS/2025/01066,2025-07-22,15840.0,NF-e: 136680 Série: 1 - VND/2025/01798,88325,MEZZANI,985,AGIS,4,NACOM GOYA - CD,2803045,15840.0,2025-12-15 16:39:17
19052,PAGIS/2025/01064,2025-07-22,1761.4,NF-e: 136113 Série: 1 - VND/2025/01404,86997,EMBALANDO,985,AGIS,4,NACOM GOYA - CD,2803041,1761.4,2025-12-15 16:39:12
19050,PAGIS/2025/01062,2025-07-22,4560.74,NF-e: 136136 Série: 1 - VND/2025/01421,88325,MEZZANI,985,AGIS,4,NACOM GOYA - CD,2803037,4560.74,2025-12-15 16:39:09
19048,PAGIS/2025/01060,2025-07-22,3258.46,NF-e: 136137 Série: 1 - VND/2025/01422,87088,FACIL DISTRIBUIDORA,985,AGIS,4,NACOM GOYA - CD,2803033,3258.46,2025-12-15 16:39:07
19046,PAGIS/2025/01058,2025-07-22,110717.28,NF-e: 136140 Série: 1 - VND/2025/01424,87012,STAMPA,985,AGIS,4,NACOM GOYA - CD,2803029,110717.28,2025-12-15 16:39:04
19044,PAGIS/2025/01056,2025-07-22,3100.88,NF-e: 136181 Série: 1 - VND/2025/01454,86733,REDE TOP BURGUER,985,AGIS,4,NACOM GOYA - CD,2803025,3100.88,2025-12-15 16:39:00
19042,PAGIS/2025/01054,2025-07-22,3100.88,NF-e: 136182 Série: 1 - VND/2025/01453,88317,ATACADAO TOP BURGUER,985,AGIS,4,NACOM GOYA - CD,2803021,3100.88,2025-12-15 16:38:57
19040,PAGIS/2025/01052,2025-07-22,7200.5,NF-e: 136190 Série: 1 - VND/2025/01462,87333,LATICINIOS LAUREANO,985,AGIS,4,NACOM GOYA - CD,2803017,7200.5,2025-12-15 16:38:54
19038,PAGIS/2025/01050,2025-07-22,5007.75,NF-e: 136193 Série: 1 - VND/2025/01464,88235,FLAVIENSE,985,AGIS,4,NACOM GOYA - CD,2803013,5007.75,2025-12-15 16:38:49
19036,PAGIS/2025/01048,2025-07-22,1916.6,NF-e: 136316 Série: 1 - VND/2025/01506,205596,GABEE FOODS,985,AGIS,4,NACOM GOYA - CD,2803009,1916.6,2025-12-15 16:38:45
19034,PAGIS/2025/01046,2025-07-22,5727.55,NF-e: 136346 Série: 1 - VND/2025/01550,87575,DISKPAN,985,AGIS,4,NACOM GOYA - CD,2803005,5727.55,2025-12-15 16:38:42
19032,PAGIS/2025/01044,2025-07-22,3954.48,NF-e: 136347 Série: 1 - VND/2025/01549,87575,DISKPAN,985,AGIS,4,NACOM GOYA - CD,2803001,3954.48,2025-12-15 16:38:38
19030,PAGIS/2025/01042,2025-07-22,1965.63,NF-e: 136352 Série: 1 - VND/2025/01552,98863,SUP AGUIAR,985,AGIS,4,NACOM GOYA - CD,2802997,1965.63,2025-12-15 16:38:34
19028,PAGIS/2025/01040,2025-07-22,4106.14,NF-e: 136437 Série: 1 - VND/2025/01600,87376,PRIME FOOD SOLUTIONS,985,AGIS,4,NACOM GOYA - CD,2802993,4106.14,2025-12-15 16:38:32
19026,PAGIS/2025/01038,2025-07-22,10712.19,NF-e: 136438 Série: 1 - VND/2025/01604,207014,SOMA DISTRIBUICAO,985,AGIS,4,NACOM GOYA - CD,2802989,10712.19,2025-12-15 16:38:27
19024,PAGIS/2025/01036,2025-07-22,3276.85,NF-e: 135856 Série: 1 - VND/2025/01230,87562,EMBALE,985,AGIS,4,NACOM GOYA - CD,2802985,3276.85,2025-12-15 16:38:24
19022,PAGIS/2025/01034,2025-07-22,8915.31,NF-e: 135887 Série: 1 - VND/2025/01245,87763,COMERCIAL PROLAC,985,AGIS,4,NACOM GOYA - CD,2802981,8915.31,2025-12-15 16:38:20
19020,PAGIS/2025/01032,2025-07-22,2771.4,NF-e: 135906 Série: 1 - VND/2025/01260,86716,FAGOTTI,985,AGIS,4,NACOM GOYA - CD,2802977,2771.4,2025-12-15 16:38:16
19018,PAGIS/2025/01030,2025-07-22,2383.47,NF-e: 135549 Série: 1 - VND/2025/00982,202712,PLURAL DISTRIBUIDORA DE ALIMENTOS,985,AGIS,4,NACOM GOYA - CD,2802973,2383.47,2025-12-15 16:38:13
19016,PAGIS/2025/01028,2025-07-22,2927.16,NF-e: 135753 Série: 1 - VND/2025/01141,206164,MULTIGRANNO,985,AGIS,4,NACOM GOYA - CD,2802969,2927.16,2025-12-15 16:38:09
19014,PAGIS/2025/01026,2025-07-22,1054.21,NF-e: 135849 Série: 1 - VND/2025/01220,87756,GALETOS DIST,985,AGIS,4,NACOM GOYA - CD,2802965,1054.21,2025-12-15 16:38:07
19012,PAGIS/2025/01024,2025-07-22,4918.93,NF-e: 136037 Série: 1 - VND/2025/01345,87852,DIST PARATY,985,AGIS,4,NACOM GOYA - CD,2802961,4918.93,2025-12-15 16:38:03
19010,PAGIS/2025/01022,2025-07-22,13396.9,NF-e: 136038 Série: 1 - VND/2025/01344,87640,COLINA,985,AGIS,4,NACOM GOYA - CD,2802957,13396.9,2025-12-15 16:38:00
19008,PAGIS/2025/01020,2025-07-22,20127.8,NF-e: 135250 Série: 1 - VND/2025/00788,87132,DIST DE ALIM GALDINO,985,AGIS,4,NACOM GOYA - CD,2802953,20127.8,2025-12-15 16:37:57
19006,PAGIS/2025/01018,2025-07-21,15840.0,NF-e: 136622 Série: 1 - VND/2025/01743,88325,MEZZANI,985,AGIS,4,NACOM GOYA - CD,2802949,15840.0,2025-12-15 16:37:54
19004,PAGIS/2025/01016,2025-07-21,3548.93,NF-e: 136200 Série: 1 - VND/2025/01469,204133,PRATIC LOJA,985,AGIS,4,NACOM GOYA - CD,2802945,3548.93,2025-12-15 16:37:51
19002,PAGIS/2025/01014,2025-07-21,5095.99,NF-e: 136290 Série: 1 - VND/2025/01498,87751,CASA GARCIA,985,AGIS,4,NACOM GOYA - CD,2802941,5095.99,2025-12-15 16:37:47
19000,PAGIS/2025/01012,2025-07-21,2070.21,NF-e: 135468 Série: 1 - VND/2025/00921,203888,REDE JMM,985,AGIS,4,NACOM GOYA - CD,2802937,2070.21,2025-12-15 16:37:45
18998,PAGIS/2025/01010,2025-07-21,3090.96,NF-e: 135686 Série: 1 - VND/2025/01088,206959,CAMPO REAL ATACADO,985,AGIS,4,NACOM GOYA - CD,2802933,3090.96,2025-12-15 16:37:39
18996,PAGIS/2025/01008,2025-07-21,2235.0,NF-e: 135971 Série: 1 - VND/2025/01303,86810,DTALIA PIZZARIA,985,AGIS,4,NACOM GOYA - CD,2802929,2235.0,2025-12-15 16:37:36
18994,PAGIS/2025/01006,2025-07-21,1549.49,NF-e: 136083 Série: 1 - VND/2025/01384,202563,BONDI & FILHOS,985,AGIS,4,NACOM GOYA - CD,2802925,1549.49,2025-12-15 16:37:33
18992,PAGIS/2025/01004,2025-07-21,6337.29,NF-e: 136097 Série: 1 - VND/2025/01393,87779,SABORETTI,985,AGIS,4,NACOM GOYA - CD,2802921,6337.29,2025-12-15 16:37:30
18990,PAGIS/2025/01002,2025-07-21,6334.2,NF-e: 135557 Série: 1 - VND/2025/00991,87617,CDI BARRA,985,AGIS,4,NACOM GOYA - CD,2802917,6334.2,2025-12-15 16:37:27
18988,PAGIS/2025/01000,2025-07-21,5178.88,NF-e: 135523 Série: 1 - VND/2025/00959,87407,F P FACANHA,985,AGIS,4,NACOM GOYA - CD,2802913,5178.88,2025-12-15 16:37:24
18986,PAGIS/2025/00998,2025-07-21,8555.06,NF-e: 135450 Série: 1 - VND/2025/00916,87763,COMERCIAL PROLAC,985,AGIS,4,NACOM GOYA - CD,2802909,8555.06,2025-12-15 16:37:20
18984,PAGIS/2025/00996,2025-07-21,21668.14,NF-e: 134167 Série: 1 - VND/2025/02938,204072,SL DIST,985,AGIS,4,NACOM GOYA - CD,2802905,21668.14,2025-12-15 16:37:17
18982,PAGIS/2025/00994,2025-07-20,16720.13,NF-e: 134111 Série: 1 - VND/2025/02886,206626,MARFIM,985,AGIS,4,NACOM GOYA - CD,2802901,16720.13,2025-12-15 16:37:14
18980,PAGIS/2025/00992,2025-07-18,1420.59,NF-e: 136106 Série: 1 - VND/2025/01400,98820,SUP NOVA JERUSALEM,985,AGIS,4,NACOM GOYA - CD,2802897,1420.59,2025-12-15 16:37:09
18978,PAGIS/2025/00990,2025-07-18,15840.0,NF-e: 136540 Série: 1 - VND/2025/01694,88325,MEZZANI,985,AGIS,4,NACOM GOYA - CD,2802893,15840.0,2025-12-15 16:37:06
18976,PAGIS/2025/00988,2025-07-18,1674.23,NF-e: 135765 Série: 1 - VND/2025/01150,86083,RODRIGUES,985,AGIS,4,NACOM GOYA - CD,2802887,1674.23,2025-12-15 16:37:01
18974,PAGIS/2025/00986,2025-07-18,13888.27,NF-e: 135488 Série: 1 - VND/2025/00940,203957,KALBIR,985,AGIS,4,NACOM GOYA - CD,2802883,13888.27,2025-12-15 16:36:58
18972,PAGIS/2025/00984,2025-07-18,2082.74,NF-e: 135613 Série: 1 - VND/2025/01029,88247,PAO DOURADO,985,AGIS,4,NACOM GOYA - CD,2802879,2082.74,2025-12-15 16:36:55
18970,PAGIS/2025/00982,2025-07-18,15800.11,NF-e: 135431 Série: 1 - VND/2025/00903,88359,FORMOSA,985,AGIS,4,NACOM GOYA - CD,2802875,15800.11,2025-12-15 16:36:50
18968,PAGIS/2025/00980,2025-07-18,9088.41,NF-e: 135417 Série: 1 - VND/2025/00890,98802,COMERCIAL FAVORITA,985,AGIS,4,NACOM GOYA - CD,2802871,9088.41,2025-12-15 16:36:46
18966,PAGIS/2025/00978,2025-07-18,22159.25,NF-e: 135388 Série: 1 - VND/2025/00868,87527,FERMENTAO,985,AGIS,4,NACOM GOYA - CD,2802867,22159.25,2025-12-15 16:36:43
18964,PAGIS/2025/00976,2025-07-18,3601.77,NF-e: 135343 Série: 1 - VND/2025/00833,87498,SORVEPANI,985,AGIS,4,NACOM GOYA - CD,2802863,3601.77,2025-12-15 16:36:41
18962,PAGIS/2025/00974,2025-07-18,12520.03,NF-e: 135253 Série: 1 - VND/2025/00790,98871,PRASO,985,AGIS,4,NACOM GOYA - CD,2802859,12520.03,2025-12-15 16:36:35
18960,PAGIS/2025/00972,2025-07-18,14453.87,NF-e: 134201 Série: 1 - VND/2025/00046,88266,SUP NOVA CIDADE,985,AGIS,4,NACOM GOYA - CD,2802855,14453.87,2025-12-15 16:36:32
18958,PAGIS/2025/00970,2025-07-17,170120.0,NF-e: 136167 Série: 1 - VND/2025/01442,87595,BEIRAO DA SERRA,985,AGIS,4,NACOM GOYA - CD,2802851,170120.0,2025-12-15 16:36:28
18956,PAGIS/2025/00968,2025-07-17,959.51,NF-e: 135973 Série: 1 - VND/2025/01306,206989,SUPER MIX SUPERMERCADO,985,AGIS,4,NACOM GOYA - CD,2802847,959.51,2025-12-15 16:36:24
18954,PAGIS/2025/00966,2025-07-17,1034.44,NF-e: 135978 Série: 1 - VND/2025/01309,203875,SUPER GONCALVES,985,AGIS,4,NACOM GOYA - CD,2802843,1034.44,2025-12-15 16:36:19
18952,PAGIS/2025/00964,2025-07-17,4672.02,NF-e: 136000 Série: 1 - VND/2025/01324,86916,A P DA COSTA,985,AGIS,4,NACOM GOYA - CD,2802839,4672.02,2025-12-15 16:36:17
18950,PAGIS/2025/00962,2025-07-17,2773.55,NF-e: 136004 Série: 1 - VND/2025/01325,203932,VIA MIX DISTRIBUICAO,985,AGIS,4,NACOM GOYA - CD,2802835,2773.55,2025-12-15 16:36:13
18948,PAGIS/2025/00960,2025-07-17,301.96,NF-e: 135742 Série: 1 - VND/2025/01132,88226,REDE DILETTARE,985,AGIS,4,NACOM GOYA - CD,2802831,301.96,2025-12-15 16:36:11
18946,PAGIS/2025/00958,2025-07-17,557.8,NF-e: 135743 Série: 1 - VND/2025/01131,88226,REDE DILETTARE,985,AGIS,4,NACOM GOYA - CD,2802827,557.8,2025-12-15 16:36:08
18944,PAGIS/2025/00956,2025-07-17,1115.6,NF-e: 135745 Série: 1 - VND/2025/01129,88225,REDE DILETTARE,985,AGIS,4,NACOM GOYA - CD,2802823,1115.6,2025-12-15 16:36:04
18942,PAGIS/2025/00954,2025-07-17,12011.42,NF-e: 135985 Série: 1 - VND/2025/01314,87572,SORPAN ALIMENTOS,985,AGIS,4,NACOM GOYA - CD,2802819,12011.42,2025-12-15 16:36:01
18940,PAGIS/2025/00952,2025-07-17,2226.11,NF-e: 135487 Série: 1 - VND/2025/00941,202737,FERREIRA LIMA COMERCIO DE ALIMENTOS LTDA,985,AGIS,4,NACOM GOYA - CD,2802815,2226.11,2025-12-15 16:35:58
18938,PAGIS/2025/00950,2025-07-17,34702.35,NF-e: 135350 Série: 1 - VND/2025/00842,88375,CADAN,985,AGIS,4,NACOM GOYA - CD,2802811,34702.35,2025-12-15 16:35:55
18936,PAGIS/2025/00948,2025-07-17,44276.0,NF-e: 135285 Série: 1 - VND/2025/00820,98812,DIA DISTRIBUICAO E IMPORTACAO AFOGADOS LTDA,985,AGIS,4,NACOM GOYA - CD,2802807,44276.0,2025-12-15 16:35:51
18934,PAGIS/2025/00946,2025-07-17,6453.38,NF-e: 135195 Série: 1 - VND/2025/00763,204050,SUPER ZANELLA,985,AGIS,4,NACOM GOYA - CD,2802803,6453.38,2025-12-15 16:35:47
18932,PAGIS/2025/00944,2025-07-17,15598.5,NF-e: 135152 Série: 1 - VND/2025/00729,98812,DIA DISTRIBUICAO E IMPORTACAO AFOGADOS LTDA,985,AGIS,4,NACOM GOYA - CD,2802799,15598.5,2025-12-15 16:35:44
18930,PAGIS/2025/00942,2025-07-16,3079.57,NF-e: 136709 Série: 1 - VND/2025/01816,86871,GRACA DI NAPOLLI,985,AGIS,4,NACOM GOYA - CD,2802795,3079.57,2025-12-15 16:35:41
18928,PAGIS/2025/00940,2025-07-16,3302.19,NF-e: 136176 Série: 1 - VND/2025/01449,98642,BAGATTOLI,985,AGIS,4,NACOM GOYA - CD,2802791,3302.19,2025-12-15 16:35:37
18926,PAGIS/2025/00938,2025-07-16,6555.27,NF-e: 136212 Série: 1 - VND/2025/01474,98818,MORAES COML,985,AGIS,4,NACOM GOYA - CD,2802787,6555.27,2025-12-15 16:35:35
18924,PAGIS/2025/00936,2025-07-16,8127.89,NF-e: 135935 Série: 1 - VND/2025/01280,87817,FRIALY,985,AGIS,4,NACOM GOYA - CD,2802783,8127.89,2025-12-15 16:35:30
18922,PAGIS/2025/00934,2025-07-16,940.97,NF-e: 135936 Série: 1 - VND/2025/01276,87817,FRIALY,985,AGIS,4,NACOM GOYA - CD,2802779,940.97,2025-12-15 16:35:27
18920,PAGIS/2025/00932,2025-07-16,2407.59,NF-e: 136091 Série: 1 - VND/2025/01390,87435,MERCATO EXPRESS,985,AGIS,4,NACOM GOYA - CD,2802775,2407.59,2025-12-15 16:35:24
18918,PAGIS/2025/00930,2025-07-16,2877.81,NF-e: 135589 Série: 1 - VND/2025/01011,203950,DACE,985,AGIS,4,NACOM GOYA - CD,2802771,2877.81,2025-12-15 16:35:22
18916,PAGIS/2025/00928,2025-07-16,2907.52,NF-e: 136011 Série: 1 - VND/2025/01332,203229,SUP TOP,985,AGIS,4,NACOM GOYA - CD,2802767,2907.52,2025-12-15 16:35:19
18914,PAGIS/2025/00926,2025-07-16,13455.73,NF-e: 135453 Série: 1 - VND/2025/00917,206194,E.MANTOANI COMERCIO DE FRIOS LTDA,985,AGIS,4,NACOM GOYA - CD,2802763,13455.73,2025-12-15 16:35:14
20774,PAGIS/2025/02786,2025-07-15,10654.21,NF-e: 134165 Série: 1 - VND/2025/02936,87795,QUEIROZ,985,AGIS,4,NACOM GOYA - CD,2807102,10654.21,2025-12-15 18:20:15
18912,PAGIS/2025/00924,2025-07-15,1761.4,NF-e: 136113 Série: 1 - VND/2025/01404,86997,EMBALANDO,985,AGIS,4,NACOM GOYA - CD,2802759,1761.4,2025-12-15 16:35:09
18910,PAGIS/2025/00922,2025-07-15,4560.73,NF-e: 136136 Série: 1 - VND/2025/01421,88325,MEZZANI,985,AGIS,4,NACOM GOYA - CD,2802755,4560.73,2025-12-15 16:35:05
18908,PAGIS/2025/00920,2025-07-15,3258.46,NF-e: 136137 Série: 1 - VND/2025/01422,87088,FACIL DISTRIBUIDORA,985,AGIS,4,NACOM GOYA - CD,2802751,3258.46,2025-12-15 16:35:02
18906,PAGIS/2025/00918,2025-07-15,3275.87,NF-e: 135856 Série: 1 - VND/2025/01230,87562,EMBALE,985,AGIS,4,NACOM GOYA - CD,2802747,3275.87,2025-12-15 16:34:58
18903,PAGIS/2025/00915,2025-07-15,11338.63,NF-e: 135875 Série: 1 - VND/2025/01240,205783,PHD DIST,985,AGIS,4,NACOM GOYA - CD,2802741,11338.63,2025-12-15 16:34:53
18902,PAGIS/2025/00914,2025-07-15,8915.31,NF-e: 135887 Série: 1 - VND/2025/01245,87763,COMERCIAL PROLAC,985,AGIS,4,NACOM GOYA - CD,2802739,8915.31,2025-12-15 16:34:49
18900,PAGIS/2025/00912,2025-07-15,15840.0,NF-e: 135903 Série: 1 - VND/2025/01257,88325,MEZZANI,985,AGIS,4,NACOM GOYA - CD,2802735,15840.0,2025-12-15 16:34:45
18898,PAGIS/2025/00910,2025-07-15,4560.74,NF-e: 135905 Série: 1 - VND/2025/01259,88325,MEZZANI,985,AGIS,4,NACOM GOYA - CD,2802731,4560.74,2025-12-15 16:34:42
18896,PAGIS/2025/00908,2025-07-15,2770.58,NF-e: 135906 Série: 1 - VND/2025/01260,86716,FAGOTTI,985,AGIS,4,NACOM GOYA - CD,2802727,2770.58,2025-12-15 16:34:38
18894,PAGIS/2025/00906,2025-07-15,2383.48,NF-e: 135549 Série: 1 - VND/2025/00982,202712,PLURAL DISTRIBUIDORA DE ALIMENTOS,985,AGIS,4,NACOM GOYA - CD,2802723,2383.48,2025-12-15 16:34:34
18892,PAGIS/2025/00904,2025-07-15,1862.57,NF-e: 135617 Série: 1 - VND/2025/01031,87476,DML COMERCIO,985,AGIS,4,NACOM GOYA - CD,2802719,1862.57,2025-12-15 16:34:32
18890,PAGIS/2025/00902,2025-07-15,2787.13,NF-e: 135752 Série: 1 - VND/2025/01140,206095,37.946.003 MARIA DA GLORIA PEREIRA DOS SANTOS,985,AGIS,4,NACOM GOYA - CD,2802715,2787.13,2025-12-15 16:34:28
